module,column,year,code,resolved,dta
07,estrato,2017,1,De 500 000 a más habitantes., de 500 000 a más habitantes
07,estrato,2017,2,De 100 000 a 499 999 habitantes., de 100 000 a 499 999 habitantes
07,estrato,2017,3,De 50 000 a 99 999 habitantes., de 50 000 a 99 999 habitantes
07,estrato,2017,4,De 20 000 a 49 999 habitantes., de 20 000 a 49 999 habitantes
07,estrato,2017,5,De 2 000 a 19 999 habitantes.,de 2 000 a 19 999 habitantes
07,estrato,2017,6,De 500 a 1 999 habitantes., de 500 a 1 999 habitantes
07,estrato,2018,1,De 500 000 a más habitantes., de 500 000 a más habitantes
07,estrato,2018,2,De 100 000 a 499 999 habitantes., de 100 000 a 499 999 habitantes
07,estrato,2018,3,De 50 000 a 99 999 habitantes., de 50 000 a 99 999 habitantes
07,estrato,2018,4,De 20 000 a 49 999 habitantes., de 20 000 a 49 999 habitantes
07,estrato,2018,5,De 2 000 a 19 999 habitantes.,de 2 000 a 19 999 habitantes
07,estrato,2018,6,De 500 a 1 999 habitantes., de 500 a 1 999 habitantes
07,estrato,2019,1,De 500 000 a más habitantes., de 500 000 a más habitantes
07,estrato,2019,2,De 100 000 a 499 999 habitantes., de 100 000 a 499 999 habitantes
07,estrato,2019,3,De 50 000 a 99 999 habitantes., de 50 000 a 99 999 habitantes
07,estrato,2019,4,De 20 000 a 49 999 habitantes., de 20 000 a 49 999 habitantes
07,estrato,2019,5,De 2 000 a 19 999 habitantes.,de 2 000 a 19 999 habitantes
07,estrato,2019,6,De 500 a 1 999 habitantes., de 500 a 1 999 habitantes
07,p601a1,2017,0,No marcado,pase
07,p601a1,2018,0,No marcado,pase
07,p601a1,2019,0,No marcado,pase
07,p601a1,2021,0,No marcado,pase
07,p601a1,2022,0,No marcado,pase
07,p601a1,2023,0,No marcado,pase
07,p601a2,2017,0,No marcado,pase
07,p601a2,2018,0,No marcado,pase
07,p601a2,2019,0,No marcado,pase
07,p601a2,2021,0,No marcado,pase
07,p601a2,2022,0,No marcado,pase
07,p601a2,2023,0,No marcado,pase
07,p601a3,2017,0,No marcado,pase
07,p601a3,2018,0,No marcado,pase
07,p601a3,2019,0,No marcado,pase
07,p601a3,2021,0,No marcado,pase
07,p601a3,2022,0,No marcado,pase
07,p601a3,2023,0,No marcado,pase
07,p601a4,2017,0,No marcado,pase
07,p601a4,2018,0,No marcado,pase
07,p601a4,2019,0,No marcado,pase
07,p601a4,2021,0,No marcado,pase
07,p601a4,2022,0,No marcado,pase
07,p601a4,2023,0,No marcado,pase
07,p601a5,2017,0,No marcado,pase
07,p601a5,2018,0,No marcado,pase
07,p601a5,2019,0,No marcado,pase
07,p601a5,2021,0,No marcado,pase
07,p601a5,2022,0,No marcado,pase
07,p601a5,2023,0,No marcado,pase
07,p601a6,2017,0,No marcado,pase
07,p601a6,2018,0,No marcado,pase
07,p601a6,2019,0,No marcado,pase
07,p601a6,2021,0,No marcado,pase
07,p601a6,2022,0,No marcado,pase
07,p601a6,2023,0,No marcado,pase
07,p601a7,2017,0,No marcado,pase
07,p601a7,2018,0,No marcado,pase
07,p601a7,2019,0,No marcado,pase
07,p601a7,2021,0,No marcado,pase
07,p601a7,2022,0,No marcado,pase
07,p601a7,2023,0,No marcado,pase
07,p601b4,2017,1,"Ambulante (triciclo, etc )","ambulante (triciclo, etc.)"
07,p601b4,2018,1,"Ambulante (triciclo, etc )","ambulante (triciclo, etc.)"
07,p601b4,2019,1,"Ambulante (triciclo, etc )","ambulante (triciclo, etc.)"
07,p601b4,2021,1,"Ambulante (triciclo, etc )","ambulante (triciclo, etc.)"
07,p601b4,2022,1,"Ambulante (triciclo, etc )","ambulante (triciclo, etc.)"
07,p601b4,2023,1,"Ambulante (triciclo, etc )","ambulante (triciclo, etc.)"
07,p601d1,2017,12,Anual,otro
08,estrato,2017,1,De 500 000 a más habitantes., de 500 000 a más habitantes
08,estrato,2017,2,De 100 000 a 499 999 habitantes., de 100 000 a 499 999 habitantes
08,estrato,2017,3,De 50 000 a 99 999 habitantes., de 50 000 a 99 999 habitantes
08,estrato,2017,4,De 20 000 a 49 999 habitantes., de 20 000 a 49 999 habitantes
08,estrato,2017,5,De 2 000 a 19 999 habitantes.,de 2 000 a 19 999 habitantes
08,estrato,2017,6,De 500 a 1 999 habitantes., de 500 a 1 999 habitantes
08,estrato,2018,1,De 500 000 a más habitantes., de 500 000 a más habitantes
08,estrato,2018,2,De 100 000 a 499 999 habitantes., de 100 000 a 499 999 habitantes
08,estrato,2018,3,De 50 000 a 99 999 habitantes., de 50 000 a 99 999 habitantes
08,estrato,2018,4,De 20 000 a 49 999 habitantes., de 20 000 a 49 999 habitantes
08,estrato,2018,5,De 2 000 a 19 999 habitantes.,de 2 000 a 19 999 habitantes
08,estrato,2018,6,De 500 a 1 999 habitantes., de 500 a 1 999 habitantes
08,estrato,2019,1,De 500 000 a más habitantes., de 500 000 a más habitantes
08,estrato,2019,2,De 100 000 a 499 999 habitantes., de 100 000 a 499 999 habitantes
08,estrato,2019,3,De 50 000 a 99 999 habitantes., de 50 000 a 99 999 habitantes
08,estrato,2019,4,De 20 000 a 49 999 habitantes., de 20 000 a 49 999 habitantes
08,estrato,2019,5,De 2 000 a 19 999 habitantes.,de 2 000 a 19 999 habitantes
08,estrato,2019,6,De 500 a 1 999 habitantes., de 500 a 1 999 habitantes
08,p602d1_3,2024,1,Apoya en la prep. de alimentos,apoya en la preparación de alimentos
08,p602da,2017,0,No marcado,pase
08,p602da,2018,0,No marcado,pase
08,p602da,2019,0,No marcado,pase
08,p602da,2021,0,No marcado,pase
08,p602da,2022,0,No marcado,pase
08,p602da,2023,0,No marcado,pase
08,p602da,2024,0,No marcado,pase
08,p602db,2017,0,No marcado,pase
08,p602db,2017,2,Pagó : por otros pagos asociados,"pagó por otros pagos asociados(transporte del alimento, kerosene, cocinera, etc)"
08,p602db,2018,0,No marcado,pase
08,p602db,2018,2,Pagó : por otros pagos asociados,"pagó por otros pagos asociados(transporte del alimento, combustible, cocinera, etc)"
08,p602db,2019,0,No marcado,pase
08,p602db,2019,2,Pagó : por otros pagos asociados,"pagó por otros pagos asociados(transporte del alimento, combustible, cocinera, etc)"
08,p602db,2021,0,No marcado,pase
08,p602db,2021,2,"Pagó por otros pagos asociados(transporte del alimento, kerosene, cocinera, etc)","pagó por otros pagos asociados(transporte del alimento, combustible, cocinera, etc)"
08,p602db,2022,0,No marcado,pase
08,p602db,2022,2,"Pagó por otros pagos asociados(transporte del alimento, kerosene, cocinera, etc)","pago por otros pagos asociados(transporte del alimento, combustible, cocinera, etc)"
08,p602db,2023,0,No marcado,pase
08,p602db,2023,2,"Pagó por otros pagos asociados(transporte del alimento, kerosene, cocinera, etc)","pago por otros pagos asociados(transporte del alimento, combustible, cocinera, etc)"
08,p602db,2024,0,No marcado,pase
08,p602db,2024,2,Pago por otros pagos asociados,"pago por otros pagos asociados(transporte del alimento, combustible, cocinera, etc)"
08,p602dc,2017,0,No marcado,pase
08,p602dc,2018,0,No marcado,pase
08,p602dc,2019,0,No marcado,pase
08,p602dc,2021,0,No marcado,pase
08,p602dc,2022,0,No marcado,pase
08,p602dc,2023,0,No marcado,pase
08,p602dc,2024,0,No marcado,pase
08,p602n,2017,1,Vaso de leche,vaso de leche preparado
08,p602n,2017,2,Comedor popular - desayuno,desayuno - comedor popular
08,p602n,2017,3,Comedor popular - almuerzo,almuerzo - comedor popular
08,p602n,2017,4,Comedor popular - cena,cena - comedor popular
08,p602n,2017,5,"Club de madres, cocina popular y otros – desayuno","desayuno - club de madres, cocina popular y otros"
08,p602n,2017,6,"Club de madres, cocina popular y otros – almuerzo","almuerzo - club de madres, cocina popular y otros"
08,p602n,2017,7,"Club de madres, cocina popular y otros - cena","cena - club de madres, cocina popular y otros"
08,p602n,2018,1,Vaso de leche,vaso de leche preparado
08,p602n,2018,2,Comedor popular - desayuno,desayuno - comedor popular
08,p602n,2018,3,Comedor popular - almuerzo,almuerzo - comedor popular
08,p602n,2018,4,Comedor popular - cena,cena - comedor popular
08,p602n,2018,5,"Club de madres, cocina popular y otros – desayuno","desayuno - club de madres, cocina popular y otros"
08,p602n,2018,6,"Club de madres, cocina popular y otros – almuerzo","almuerzo - club de madres, cocina popular y otros"
08,p602n,2018,7,"Club de madres, cocina popular y otros - cena","cena - club de madres, cocina popular y otros"
08,p602n,2019,1,Vaso de leche,vaso de leche preparado
08,p602n,2019,2,Comedor popular - desayuno,desayuno - comedor popular
08,p602n,2019,3,Comedor popular - almuerzo,almuerzo - comedor popular
08,p602n,2019,4,Comedor popular - cena,cena - comedor popular
08,p602n,2019,5,"Club de madres, cocina popular y otros – desayuno","desayuno - club de madres, cocina popular y otros"
08,p602n,2019,6,"Club de madres, cocina popular y otros – almuerzo","almuerzo - club de madres, cocina popular y otros"
08,p602n,2019,7,"Club de madres, cocina popular y otros - cena","cena - club de madres, cocina popular y otros"
08,p602n,2022,1,Vaso            preparadobenéficas),vaso de leche preparado
08,p602n,2022,7,"Cena - club de madres, y otros",cena - otros
08,p602n,2022,8,Cena - club de madres,desayuno - club de madres
08,p602n,2022,14,Desayuno- olla común,desayuno - olla comun
08,p602n,2023,7,"Cena - club de madres, y otros",cena - otros
08,p602n,2023,8,Cena - club de madres,desayuno - club de madres
08,p602n,2023,14,Desayuno- olla común,desayuno - olla comun
08,p602n,2024,8,Desayuno-club de madres,desayuno - club de madres
08,p602n,2024,14,Desayuno- olla común,desayuno - olla comun
09,estrato,2017,1,De 500 000 a más habitantes., de 500 000 a más habitantes
09,estrato,2017,2,De 100 000 a 499 999 habitantes., de 100 000 a 499 999 habitantes
09,estrato,2017,3,De 50 000 a 99 999 habitantes., de 50 000 a 99 999 habitantes
09,estrato,2017,4,De 20 000 a 49 999 habitantes., de 20 000 a 49 999 habitantes
09,estrato,2017,5,De 2 000 a 19 999 habitantes.,de 2 000 a 19 999 habitantes
09,estrato,2017,6,De 500 a 1 999 habitantes., de 500 a 1 999 habitantes
09,estrato,2018,1,De 500 000 a más habitantes., de 500 000 a más habitantes
09,estrato,2018,2,De 100 000 a 499 999 habitantes., de 100 000 a 499 999 habitantes
09,estrato,2018,3,De 50 000 a 99 999 habitantes., de 50 000 a 99 999 habitantes
09,estrato,2018,4,De 20 000 a 49 999 habitantes., de 20 000 a 49 999 habitantes
09,estrato,2018,5,De 2 000 a 19 999 habitantes.,de 2 000 a 19 999 habitantes
09,estrato,2018,6,De 500 a 1 999 habitantes., de 500 a 1 999 habitantes
09,estrato,2019,1,De 500 000 a más habitantes., de 500 000 a más habitantes
09,estrato,2019,2,De 100 000 a 499 999 habitantes., de 100 000 a 499 999 habitantes
09,estrato,2019,3,De 50 000 a 99 999 habitantes., de 50 000 a 99 999 habitantes
09,estrato,2019,4,De 20 000 a 49 999 habitantes., de 20 000 a 49 999 habitantes
09,estrato,2019,5,De 2 000 a 19 999 habitantes.,de 2 000 a 19 999 habitantes
09,estrato,2019,6,De 500 a 1 999 habitantes., de 500 a 1 999 habitantes
09,p603a1,2017,0,No marcado,pase
09,p603a1,2018,0,No marcado,pase
09,p603a1,2019,0,No marcado,pase
09,p603a1,2021,0,No marcado,pase
09,p603a1,2022,0,No marcado,pase
09,p603a1,2023,0,No marcado,pase
09,p603a1,2024,0,No marcado,pase
09,p603a2,2017,0,No marcado,pase
09,p603a2,2018,0,No marcado,pase
09,p603a2,2019,0,No marcado,pase
09,p603a2,2021,0,No marcado,pase
09,p603a2,2022,0,No marcado,pase
09,p603a2,2023,0,No marcado,pase
09,p603a2,2024,0,No marcado,pase
09,p603a3,2017,0,No marcado,pase
09,p603a3,2017,1,Autosuministro,autosuministo
09,p603a3,2018,0,No marcado,pase
09,p603a3,2018,1,Autosuministro,autosuministo
09,p603a3,2019,0,No marcado,pase
09,p603a3,2019,1,Autosuministro,autosuministo
09,p603a3,2021,0,No marcado,pase
09,p603a3,2022,0,No marcado,pase
09,p603a3,2023,0,No marcado,pase
09,p603a3,2024,0,No marcado,pase
09,p603a4,2017,0,No marcado,pase
09,p603a4,2018,0,No marcado,pase
09,p603a4,2019,0,No marcado,pase
09,p603a4,2021,0,No marcado,pase
09,p603a4,2022,0,No marcado,pase
09,p603a4,2023,0,No marcado,pase
09,p603a4,2024,0,No marcado,pase
09,p603a5,2017,0,No marcado,pase
09,p603a5,2017,1,Regalado o pagado por miembro de otro hogar,regalado o pagado por algún miembro de otro hogar
09,p603a5,2018,0,No marcado,pase
09,p603a5,2018,1,Regalado o pagado por miembro de otro hogar,regalado o pagado por algún miembro de otro hogar
09,p603a5,2019,0,No marcado,pase
09,p603a5,2019,1,Regalado o pagado por miembro de otro hogar,regalado o pagado por algún miembro de otro hogar
09,p603a5,2021,0,No marcado,pase
09,p603a5,2022,0,No marcado,pase
09,p603a5,2023,0,No marcado,pase
09,p603a5,2024,0,No marcado,pase
09,p603a6,2017,0,No marcado,pase
09,p603a6,2018,0,No marcado,pase
09,p603a6,2019,0,No marcado,pase
09,p603a6,2021,0,No marcado,pase
09,p603a6,2022,0,No marcado,pase
09,p603a6,2023,0,No marcado,pase
09,p603a6,2024,0,No marcado,pase
09,p603a6,2024,1,Donado por alguna institucion o prog. social,donado por alguna institucion o programa social
09,p603a7,2017,0,No marcado,pase
09,p603a7,2017,1,Otro,otro (especifique)
09,p603a7,2018,0,No marcado,pase
09,p603a7,2018,1,Otro,otro (especifique)
09,p603a7,2019,0,No marcado,pase
09,p603a7,2019,1,Otro,otro (especifique)
09,p603a7,2021,0,No marcado,pase
09,p603a7,2022,0,No marcado,pase
09,p603a7,2023,0,No marcado,pase
09,p603a7,2024,0,No marcado,pase
09,p603a8,2017,0,No marcado,pase
09,p603a8,2017,1,No sabe / no responde,no sabe/ no responde
09,p603a8,2018,0,No marcado,pase
09,p603a8,2018,1,No sabe / no responde,no sabe/ no responde
09,p603a8,2019,0,No marcado,pase
09,p603a8,2019,1,No sabe / no responde,no sabe/ no responde
09,p603a8,2021,0,No marcado,pase
09,p603a8,2021,1,No sabe / no responde,no sabe/ no responde
09,p603a8,2022,0,No marcado,pase
09,p603a8,2022,1,No sabe / no responde,no sabe/ no responde
09,p603a8,2023,0,No marcado,pase
09,p603a8,2023,1,No sabe / no responde,no sabe/ no responde
09,p603a8,2024,0,No marcado,pase
09,p603a8,2024,1,No sabe / no responde,no sabe/ no responde
09,p603aa,2017,2,Bodega (x menor),bodega (por menor)
09,p603aa,2017,3,Bodega (x mayor),bodega (por mayor)
09,p603aa,2017,5,Mercado (x menor),mercado (por menor)
09,p603aa,2017,6,Mercado (x mayor),mercado (por mayor)
09,p603aa,2018,2,Bodega (x menor),bodega (por menor)
09,p603aa,2018,3,Bodega (x mayor),bodega (por mayor)
09,p603aa,2018,5,Mercado (x menor),mercado (por menor)
09,p603aa,2018,6,Mercado (x mayor),mercado (por mayor)
09,p603aa,2019,2,Bodega (x menor),bodega (por menor)
09,p603aa,2019,3,Bodega (x mayor),bodega (por mayor)
09,p603aa,2019,5,Mercado (x menor),mercado (por menor)
09,p603aa,2019,6,Mercado (x mayor),mercado (por mayor)
09,p603n,2017,12,"Otros artículos para el aseo del hogar (ácido muriático, etc)","otros artículos para el aseo del hogar(ácido muriático, etc)"
09,p603n,2017,13,"Lavado de cortina, servicios de tintorería, fumigación","lavado de cortina, servicios de tintorería, fumigación, etc."
09,p603n,2017,15,"¿ otros artículos (fósforos, vela, etc.)","¿otros artículos? (fósforos, vela, etc.)"
09,p603n,2018,12,"Otros artículos para el aseo del hogar (ácido muriático, etc)","otros artículos para el aseo del hogar(ácido muriático, etc)"
09,p603n,2018,13,"Lavado de cortina, servicios de tintorería, fumigación","lavado de cortina, servicios de tintorería, fumigación, etc."
09,p603n,2018,15,"¿ otros artículos (fósforos, vela, etc.)","¿otros artículos? (fósforos, vela, etc.)"
09,p603n,2019,12,"Otros artículos para el aseo del hogar (ácido quita sarro, papel toalla, etc)","otros artículos para el aseo del hogar (ácido quita sarro, papel toalla,  etc."
09,p603n,2019,13,"Lavado de cortina, servicios de tintorería, fumigación","lavado de cortina, servicios de tintorería, fumigación, etc."
09,p603n,2019,15,"¿ otros artículos (fósforos, vela, etc.)","¿otros artículos? (fósforos, vela, etc.)"
09,p603n,2024,12,"Otros articulos para el aseo del hogar (acido quita sarro, papel toalla)","otros articulos para el aseo del hogar (acido quita sarro, papel toalla, etc.)"
09,p603n,2024,15,Otros articulos,"otros articulos? (fosforos, vela, etc.)"
10,estrato,2017,1,De 500 000 a más habitantes., de 500 000 a más habitantes
10,estrato,2017,2,De 100 000 a 499 999 habitantes., de 100 000 a 499 999 habitantes
10,estrato,2017,3,De 50 000 a 99 999 habitantes., de 50 000 a 99 999 habitantes
10,estrato,2017,4,De 20 000 a 49 999 habitantes., de 20 000 a 49 999 habitantes
10,estrato,2017,5,De 2 000 a 19 999 habitantes.,de 2 000 a 19 999 habitantes
10,estrato,2017,6,De 500 a 1 999 habitantes., de 500 a 1 999 habitantes
10,estrato,2018,1,De 500 000 a más habitantes., de 500 000 a más habitantes
10,estrato,2018,2,De 100 000 a 499 999 habitantes., de 100 000 a 499 999 habitantes
10,estrato,2018,3,De 50 000 a 99 999 habitantes., de 50 000 a 99 999 habitantes
10,estrato,2018,4,De 20 000 a 49 999 habitantes., de 20 000 a 49 999 habitantes
10,estrato,2018,5,De 2 000 a 19 999 habitantes.,de 2 000 a 19 999 habitantes
10,estrato,2018,6,De 500 a 1 999 habitantes., de 500 a 1 999 habitantes
10,estrato,2019,1,De 500 000 a más habitantes., de 500 000 a más habitantes
10,estrato,2019,2,De 100 000 a 499 999 habitantes., de 100 000 a 499 999 habitantes
10,estrato,2019,3,De 50 000 a 99 999 habitantes., de 50 000 a 99 999 habitantes
10,estrato,2019,4,De 20 000 a 49 999 habitantes., de 20 000 a 49 999 habitantes
10,estrato,2019,5,De 2 000 a 19 999 habitantes.,de 2 000 a 19 999 habitantes
10,estrato,2019,6,De 500 a 1 999 habitantes., de 500 a 1 999 habitantes
10,p604a1,2017,0,No marcado,pase
10,p604a1,2018,0,No marcado,pase
10,p604a1,2019,0,No marcado,pase
10,p604a1,2021,0,No marcado,pase
10,p604a1,2022,0,No marcado,pase
10,p604a1,2023,0,No marcado,pase
10,p604a1,2024,0,No marcado,pase
10,p604a2,2017,0,No marcado,pase
10,p604a2,2018,0,No marcado,pase
10,p604a2,2019,0,No marcado,pase
10,p604a2,2021,0,No marcado,pase
10,p604a2,2022,0,No marcado,pase
10,p604a2,2023,0,No marcado,pase
10,p604a2,2024,0,No marcado,pase
10,p604a3,2017,0,No marcado,pase
10,p604a3,2018,0,No marcado,pase
10,p604a3,2019,0,No marcado,pase
10,p604a3,2021,0,No marcado,pase
10,p604a3,2022,0,No marcado,pase
10,p604a3,2023,0,No marcado,pase
10,p604a3,2024,0,No marcado,pase
10,p604a4,2017,0,No marcado,pase
10,p604a4,2017,1,Como parte de un pago,como parte de pago a un miembro del hogar
10,p604a4,2018,0,No marcado,pase
10,p604a4,2018,1,Como parte de un pago,como parte de pago a un miembro del hogar
10,p604a4,2019,0,No marcado,pase
10,p604a4,2019,1,Como parte de un pago,como parte de pago a un miembro del hogar
10,p604a4,2021,0,No marcado,pase
10,p604a4,2022,0,No marcado,pase
10,p604a4,2023,0,No marcado,pase
10,p604a4,2024,0,No marcado,pase
10,p604a5,2017,0,No marcado,pase
10,p604a5,2017,1,Regalado o pagado,regalado o pagado por algún miembro de otro hogar
10,p604a5,2018,0,No marcado,pase
10,p604a5,2018,1,Regalado o pagado,regalado o pagado por algún miembro de otro hogar
10,p604a5,2019,0,No marcado,pase
10,p604a5,2019,1,Regalado o pagado,regalado o pagado por algún miembro de otro hogar
10,p604a5,2021,0,No marcado,pase
10,p604a5,2022,0,No marcado,pase
10,p604a5,2023,0,No marcado,pase
10,p604a5,2024,0,No marcado,pase
10,p604a6,2017,0,No marcado,pase
10,p604a6,2017,1,Donado por alguna institucion,donado por alguna institución o programa social
10,p604a6,2018,0,No marcado,pase
10,p604a6,2018,1,Donado por alguna institucion,donado por alguna institución o programa social
10,p604a6,2019,0,No marcado,pase
10,p604a6,2019,1,Donado por alguna institucion,donado por alguna institución o programa social
10,p604a6,2021,0,No marcado,pase
10,p604a6,2022,0,No marcado,pase
10,p604a6,2023,0,No marcado,pase
10,p604a6,2024,0,No marcado,pase
10,p604a6,2024,1,Donado por alguna institucion o prog. social,donado por alguna institucion o programa social
10,p604a7,2017,0,No marcado,pase
10,p604a7,2017,1,Otro,otros
10,p604a7,2018,0,No marcado,pase
10,p604a7,2018,1,Otro,otros
10,p604a7,2019,0,No marcado,pase
10,p604a7,2019,1,Otro,otros
10,p604a7,2021,0,No marcado,pase
10,p604a7,2022,0,No marcado,pase
10,p604a7,2023,0,No marcado,pase
10,p604a7,2024,0,No marcado,pase
10,p604a8,2017,0,No marcado,pase
10,p604a8,2017,1,No sabe / no responde,no sabe/ no responde
10,p604a8,2018,0,No marcado,pase
10,p604a8,2018,1,No sabe / no responde,no sabe/ no responde
10,p604a8,2019,0,No marcado,pase
10,p604a8,2019,1,No sabe / no responde,no sabe/ no responde
10,p604a8,2021,0,No marcado,pase
10,p604a8,2021,1,No sabe / no responde,no sabe/ no responde
10,p604a8,2022,0,No marcado,pase
10,p604a8,2022,1,No sabe / no responde,no sabe/ no responde
10,p604a8,2023,0,No marcado,pase
10,p604a8,2023,1,No sabe / no responde,no sabe/ no responde
10,p604a8,2024,0,No marcado,pase
10,p604a8,2024,1,No sabe / no responde,no sabe/ no responde
10,p604n,2017,3,Reparación y conservación de vehículo,"reparación y conservación del vehículo (lavado, cambio de aceite, etc)"
10,p604n,2017,5,Viaje por estudio o trabajo,viaje por estudio o trabajo (nivel nacional e internacional)
10,p604n,2017,6,Viaje por turismo,viaje por turismo (nacional e internacional)
10,p604n,2017,10,Teléfono público para menores de 14 años,"teléfono público para menores de 14 años (monedero, locutorio, etc)"
10,p604n,2017,13,Otros (telegramas nacional e internacional),"otros (telegrama nacional e internacional, etc.)"
10,p604n,2018,3,Reparación y conservación de vehículo,"reparación y conservación del vehículo (lavado, cambio de aceite, etc)"
10,p604n,2018,5,Viaje por estudio o trabajo,viaje por estudio o trabajo (nivel nacional e internacional)
10,p604n,2018,6,Viaje por turismo,viaje por turismo (nacional e internacional)
10,p604n,2018,10,Teléfono público para menores de 14 años,"teléfono público para menores de 14 años (monedero, locutorio, etc)"
10,p604n,2018,13,Otros (telegramas nacional e internacional),"otros (telegrama nacional e internacional, etc.)"
10,p604n,2019,3,Reparación y conservación de vehículo,"reparación y conservación del vehículo (lavado, cambio de aceite, etc)"
10,p604n,2019,5,Viaje por estudio o trabajo,viaje por estudio o trabajo (nivel nacional e internacional)
10,p604n,2019,6,Viaje por turismo,viaje por turismo (nacional e internacional)
10,p604n,2019,10,Teléfono público para menores de 14 años,"teléfono público para menores de 14 años (monedero, locutorio, etc)"
10,p604n,2019,13,"Otros (accesorios para celulares, compra de equipo telefónico móvil)","otros (accesorios para celulares, compra de equipo telefónico móvil, etc.)"
10,p604n,2024,3,"Reparacion y conservacion del vehiculo (lavado, cambio de aceite...)","reparacion y conservacion del vehiculo (lavado, cambio de aceite, etc)"
10,p604n,2024,13,"Otros (accesorios para celular, compra de equipo telefonico, etc.)","otros (accesorios para celulares, compra de equipo telefonico movil, etc.)"
11,estrato,2016,1,De 500 000 a más habitantes., de 500 000 a más habitantes
11,estrato,2016,2,De 100 000 a 499 999 habitantes., de 100 000 a 499 999 habitantes
11,estrato,2016,3,De 50 000 a 99 999 habitantes., de 50 000 a 99 999 habitantes
11,estrato,2016,4,De 20 000 a 49 999 habitantes., de 20 000 a 49 999 habitantes
11,estrato,2016,5,De 2 000 a 19 999 habitantes.,de 2 000 a 19 999 habitantes
11,estrato,2016,6,De 500 a 1 999 habitantes., de 500 a 1 999 habitantes
11,estrato,2017,1,De 500 000 a más habitantes., de 500 000 a más habitantes
11,estrato,2017,2,De 100 000 a 499 999 habitantes., de 100 000 a 499 999 habitantes
11,estrato,2017,3,De 50 000 a 99 999 habitantes., de 50 000 a 99 999 habitantes
11,estrato,2017,4,De 20 000 a 49 999 habitantes., de 20 000 a 49 999 habitantes
11,estrato,2017,5,De 2 000 a 19 999 habitantes.,de 2 000 a 19 999 habitantes
11,estrato,2017,6,De 500 a 1 999 habitantes., de 500 a 1 999 habitantes
11,estrato,2018,1,De 500 000 a más habitantes., de 500 000 a más habitantes
11,estrato,2018,2,De 100 000 a 499 999 habitantes., de 100 000 a 499 999 habitantes
11,estrato,2018,3,De 50 000 a 99 999 habitantes., de 50 000 a 99 999 habitantes
11,estrato,2018,4,De 20 000 a 49 999 habitantes., de 20 000 a 49 999 habitantes
11,estrato,2018,5,De 2 000 a 19 999 habitantes.,de 2 000 a 19 999 habitantes
11,estrato,2018,6,De 500 a 1 999 habitantes., de 500 a 1 999 habitantes
11,estrato,2019,1,De 500 000 a más habitantes., de 500 000 a más habitantes
11,estrato,2019,2,De 100 000 a 499 999 habitantes., de 100 000 a 499 999 habitantes
11,estrato,2019,3,De 50 000 a 99 999 habitantes., de 50 000 a 99 999 habitantes
11,estrato,2019,4,De 20 000 a 49 999 habitantes., de 20 000 a 49 999 habitantes
11,estrato,2019,5,De 2 000 a 19 999 habitantes.,de 2 000 a 19 999 habitantes
11,estrato,2019,6,De 500 a 1 999 habitantes., de 500 a 1 999 habitantes
11,p605a1,2016,0,No marcado,pase
11,p605a1,2017,0,No marcado,pase
11,p605a1,2018,0,No marcado,pase
11,p605a1,2019,0,No marcado,pase
11,p605a1,2021,0,No marcado,pase
11,p605a1,2022,0,No marcado,pase
11,p605a1,2023,0,No marcado,pase
11,p605a1,2024,0,No marcado,pase
11,p605a2,2016,0,No marcado,pase
11,p605a2,2017,0,No marcado,pase
11,p605a2,2018,0,No marcado,pase
11,p605a2,2019,0,No marcado,pase
11,p605a2,2021,0,No marcado,pase
11,p605a2,2022,0,No marcado,pase
11,p605a2,2023,0,No marcado,pase
11,p605a2,2024,0,No marcado,pase
11,p605a3,2016,0,No marcado,pase
11,p605a3,2017,0,No marcado,pase
11,p605a3,2018,0,No marcado,pase
11,p605a3,2019,0,No marcado,pase
11,p605a3,2021,0,No marcado,pase
11,p605a3,2022,0,No marcado,pase
11,p605a3,2023,0,No marcado,pase
11,p605a3,2024,0,No marcado,pase
11,p605a4,2016,0,No marcado,pase
11,p605a4,2017,0,No marcado,pase
11,p605a4,2018,0,No marcado,pase
11,p605a4,2019,0,No marcado,pase
11,p605a4,2021,0,No marcado,pase
11,p605a4,2022,0,No marcado,pase
11,p605a4,2023,0,No marcado,pase
11,p605a4,2024,0,No marcado,pase
11,p605a5,2016,0,No marcado,pase
11,p605a5,2017,0,No marcado,pase
11,p605a5,2018,0,No marcado,pase
11,p605a5,2019,0,No marcado,pase
11,p605a5,2021,0,No marcado,pase
11,p605a5,2022,0,No marcado,pase
11,p605a5,2023,0,No marcado,pase
11,p605a5,2024,0,No marcado,pase
11,p605a6,2016,0,No marcado,pase
11,p605a6,2017,0,No marcado,pase
11,p605a6,2018,0,No marcado,pase
11,p605a6,2019,0,No marcado,pase
11,p605a6,2021,0,No marcado,pase
11,p605a6,2022,0,No marcado,pase
11,p605a6,2023,0,No marcado,pase
11,p605a6,2024,0,No marcado,pase
11,p605n,2016,7,"Recojo privado de basura ( triciclo, carretilla, camión, etc. )","recojo privado de basura(triciclo, carretilla, camión, etc"
11,p605n,2017,7,"Recojo privado de basura ( triciclo, carretilla, camión, etc. )","recojo privado de basura (triciclo, carretilla, camión, etc"
11,p605n,2018,7,"Recojo privado de basura ( triciclo, carretilla, camión, etc. )","recojo privado de basura (triciclo, carretilla, camión, etc"
11,p605n,2019,7,"Recojo privado de basura ( triciclo, carretilla, camión, etc. )","recojo privado de basura (triciclo, carretilla, camión, etc"
11,p605n,2021,7,"Recojo privado de basura ( triciclo, carretilla, camión, etc. )","recojo privado de basura (triciclo, carretilla, camión, etc)"
11,p605n,2022,7,"Recojo privado de basura ( triciclo, carretilla, camión, etc. )","recojo privado de basura (triciclo, carretilla, camion, etc)"
11,p605n,2023,7,"Recojo privado de basura ( triciclo, carretilla, camión, etc. )","recojo privado de basura (triciclo, carretilla, camion, etc)"
11,p605n,2024,7,"Recojo privado de basura ( triciclo, carretilla, camión, etc. )","recojo privado de basura (triciclo, carretilla, camion, etc)"
11,ticuest01,2016,2,Cuestionario en tablet,cuestionario en pda
12,estrato,2016,1,De 500 000 a más habitantes., de 500 000 a más habitantes
12,estrato,2016,2,De 100 000 a 499 999 habitantes., de 100 000 a 499 999 habitantes
12,estrato,2016,3,De 50 000 a 99 999 habitantes., de 50 000 a 99 999 habitantes
12,estrato,2016,4,De 20 000 a 49 999 habitantes., de 20 000 a 49 999 habitantes
12,estrato,2016,5,De 2 000 a 19 999 habitantes.,de 2 000 a 19 999 habitantes
12,estrato,2016,6,De 500 a 1 999 habitantes., de 500 a 1 999 habitantes
12,estrato,2017,1,De 500 000 a más habitantes., de 500 000 a más habitantes
12,estrato,2017,2,De 100 000 a 499 999 habitantes., de 100 000 a 499 999 habitantes
12,estrato,2017,3,De 50 000 a 99 999 habitantes., de 50 000 a 99 999 habitantes
12,estrato,2017,4,De 20 000 a 49 999 habitantes., de 20 000 a 49 999 habitantes
12,estrato,2017,5,De 2 000 a 19 999 habitantes.,de 2 000 a 19 999 habitantes
12,estrato,2017,6,De 500 a 1 999 habitantes., de 500 a 1 999 habitantes
12,estrato,2018,1,De 500 000 a más habitantes., de 500 000 a más habitantes
12,estrato,2018,2,De 100 000 a 499 999 habitantes., de 100 000 a 499 999 habitantes
12,estrato,2018,3,De 50 000 a 99 999 habitantes., de 50 000 a 99 999 habitantes
12,estrato,2018,4,De 20 000 a 49 999 habitantes., de 20 000 a 49 999 habitantes
12,estrato,2018,5,De 2 000 a 19 999 habitantes.,de 2 000 a 19 999 habitantes
12,estrato,2018,6,De 500 a 1 999 habitantes., de 500 a 1 999 habitantes
12,estrato,2019,1,De 500 000 a más habitantes., de 500 000 a más habitantes
12,estrato,2019,2,De 100 000 a 499 999 habitantes., de 100 000 a 499 999 habitantes
12,estrato,2019,3,De 50 000 a 99 999 habitantes., de 50 000 a 99 999 habitantes
12,estrato,2019,4,De 20 000 a 49 999 habitantes., de 20 000 a 49 999 habitantes
12,estrato,2019,5,De 2 000 a 19 999 habitantes.,de 2 000 a 19 999 habitantes
12,estrato,2019,6,De 500 a 1 999 habitantes., de 500 a 1 999 habitantes
12,estrato,2022,7,Área de empadronamiento rural (aer) compuesto,aarea de empadronamiento rural (aer) compuesto
12,estrato,2022,8,Área de empadronamiento rural (aer) simple,aarea de empadronamiento rural (aer) simple
12,p606a1,2016,0,No marcado,pase
12,p606a1,2017,0,No marcado,pase
12,p606a1,2018,0,No marcado,pase
12,p606a1,2019,0,No marcado,pase
12,p606a1,2021,0,No marcado,pase
12,p606a1,2022,0,No marcado,pase
12,p606a1,2023,0,No marcado,pase
12,p606a1,2024,0,No marcado,pase
12,p606a2,2016,0,No marcado,pase
12,p606a2,2017,0,No marcado,pase
12,p606a2,2018,0,No marcado,pase
12,p606a2,2019,0,No marcado,pase
12,p606a2,2021,0,No marcado,pase
12,p606a2,2022,0,No marcado,pase
12,p606a2,2023,0,No marcado,pase
12,p606a2,2024,0,No marcado,pase
12,p606a3,2016,0,No marcado,pase
12,p606a3,2017,0,No marcado,pase
12,p606a3,2018,0,No marcado,pase
12,p606a3,2019,0,No marcado,pase
12,p606a3,2021,0,No marcado,pase
12,p606a3,2022,0,No marcado,pase
12,p606a3,2023,0,No marcado,pase
12,p606a3,2024,0,No marcado,pase
12,p606a4,2016,0,No marcado,pase
12,p606a4,2016,1,Parte de pago,como parte de pago a un miembro del hogar
12,p606a4,2017,0,No marcado,pase
12,p606a4,2017,1,Parte de pago,como parte de pago a un miembro del hogar
12,p606a4,2018,0,No marcado,pase
12,p606a4,2018,1,Parte de pago,como parte de pago a un miembro del hogar
12,p606a4,2019,0,No marcado,pase
12,p606a4,2019,1,Parte de pago,como parte de pago a un miembro del hogar
12,p606a4,2021,0,No marcado,pase
12,p606a4,2022,0,No marcado,pase
12,p606a4,2023,0,No marcado,pase
12,p606a4,2024,0,No marcado,pase
12,p606a5,2016,0,No marcado,pase
12,p606a5,2016,1,Regalado o pagado,regalado o pagado por algún miembro de otro hogar
12,p606a5,2017,0,No marcado,pase
12,p606a5,2017,1,Regalado o pagado,regalado o pagado por algún miembro de otro hogar
12,p606a5,2018,0,No marcado,pase
12,p606a5,2018,1,Regalado o pagado,regalado o pagado por algún miembro de otro hogar
12,p606a5,2019,0,No marcado,pase
12,p606a5,2019,1,Regalado o pagado,regalado o pagado por algún miembro de otro hogar
12,p606a5,2021,0,No marcado,pase
12,p606a5,2022,0,No marcado,pase
12,p606a5,2023,0,No marcado,pase
12,p606a5,2024,0,No marcado,pase
12,p606a6,2016,0,No marcado, pase
12,p606a6,2016,1,Donado por alguna institución.,donado por alguna institución o programa social
12,p606a6,2017,0,No marcado, pase
12,p606a6,2017,1,Donado por alguna institución.,donado por alguna institución o programa social
12,p606a6,2018,0,No marcado, pase
12,p606a6,2018,1,Donado por alguna institución.,donado por alguna institución o programa social
12,p606a6,2019,0,No marcado, pase
12,p606a6,2019,1,Donado por alguna institución.,donado por alguna institución o programa social
12,p606a6,2021,0,No marcado, pase
12,p606a6,2022,0,No marcado, pase
12,p606a6,2023,0,No marcado, pase
12,p606a6,2024,0,No marcado, pase
12,p606a6,2024,1,Donado por alguna institucion o prog.social,donado por alguna institucion o programa social
12,p606a7,2016,0,No marcado,pase
12,p606a7,2017,0,No marcado,pase
12,p606a7,2018,0,No marcado,pase
12,p606a7,2019,0,No marcado,pase
12,p606a7,2021,0,No marcado,pase
12,p606a7,2022,0,No marcado,pase
12,p606a7,2023,0,No marcado,pase
12,p606a7,2024,0,No marcado,pase
12,p606a8,2016,0,No marcado,pase
12,p606a8,2017,0,No marcado,pase
12,p606a8,2018,0,No marcado,pase
12,p606a8,2019,0,No marcado,pase
12,p606a8,2021,0,No marcado,pase
12,p606a8,2022,0,No marcado,pase
12,p606a8,2023,0,No marcado,pase
12,p606a8,2024,0,No marcado,pase
12,p606aa,2016,2,Bodega (x menor),bodega ( x menor )
12,p606aa,2016,3,Bodega (x mayor),bodega ( x mayor )
12,p606aa,2016,4,Mercado (x menor),mercado ( x menor )
12,p606aa,2016,5,Mercado (x mayor),mercado ( x mayor )
12,p606aa,2017,2,Bodega (x menor),bodega (por menor)
12,p606aa,2017,3,Bodega (x mayor),bodega (por mayor)
12,p606aa,2017,4,Mercado (x menor),mercado (por menor)
12,p606aa,2017,5,Mercado (x mayor),mercado (por mayor)
12,p606aa,2018,2,Bodega (x menor),bodega (por menor)
12,p606aa,2018,3,Bodega (x mayor),bodega (por mayor)
12,p606aa,2018,4,Mercado (x menor),mercado (por menor)
12,p606aa,2018,5,Mercado (x mayor),mercado (por mayor)
12,p606aa,2019,2,Bodega (x menor),bodega (por menor)
12,p606aa,2019,3,Bodega (x mayor),bodega (por mayor)
12,p606aa,2019,4,Mercado (x menor),mercado (por menor)
12,p606aa,2019,5,Mercado (x mayor),mercado (por mayor)
12,p606n,2016,2,"Esparcimiento y diversión (cine, cd, juguetes, espectáculos","esparcimiento y diversión (ir al cine, comprar cd´s, juguetes, espectáculos deportivos,etc)"
12,p606n,2016,4,"Gastos en gimnasio ( aeróbicos, artes marciales, pesas )","gastos en gimnasios(aeróbicos, artes marciales, pesas)"
12,p606n,2016,5,Diskette,"disquetes, usb"
12,p606n,2016,7,"Útiles de escritorio ( cuadernos, papeles, etc. )","Útiles de escritorio(cuadernos, papeles, etc.)"
12,p606n,2017,2,"Esparcimiento y diversión (cine, cd, juguetes, espectáculos","esparcimiento y diversión (ir al cine, comprar cd´s, juguetes, espectáculos deportivos,etc)"
12,p606n,2017,4,"Gastos en gimnasio ( aeróbicos, artes marciales, pesas )","gastos en gimnasios(aeróbicos, artes marciales, pesas)"
12,p606n,2017,5,"Diskette, usb","disquetes, usb"
12,p606n,2017,7,"Útiles de escritorio ( cuadernos, papeles, etc. )","Útiles de escritorio(cuadernos, papeles, etc.)"
12,p606n,2018,2,"Esparcimiento y diversión (cine, cd, juguetes, espectáculos","esparcimiento y diversión (ir al cine, comprar cd´s, juguetes, espectáculos deportivos,etc)"
12,p606n,2018,4,"Gastos en gimnasio ( aeróbicos, artes marciales, pesas )","gastos en gimnasios(aeróbicos, artes marciales, pesas)"
12,p606n,2018,5,"Diskette, usb","disquetes, usb"
12,p606n,2018,7,"Útiles de escritorio ( cuadernos, papeles, etc. )","Útiles de escritorio(cuadernos, papeles, etc.)"
12,p606n,2019,2,"Esparcimiento y diversión (cine, cd, juguetes, espectáculos","esparcimiento y diversión (ir al cine, comprar cd´s, juguetes, espectáculos deportivos,etc)"
12,p606n,2019,4,"Gastos en gimnasio ( aeróbicos, artes marciales, pesas )","gastos en gimnasios(aeróbicos, artes marciales, pesas)"
12,p606n,2019,7,"Útiles de escritorio ( cuadernos, papeles, etc. )","Útiles de escritorio(cuadernos, papeles, etc.)"
12,p606n,2021,2,"Esparcimiento y diversión (ir al cine, comprar cd, juguete, espectáculo deportivo,etc)","esparcimiento y diversión (ir al cine, comprar cd´s, juguetes, espectáculos deportivos,etc)"
12,p606n,2022,2,"Esparcimiento y diversión (ir al cine, comprar cd, juguete, espectáculo deportivo,etc)","esparcimiento y diversion (ir al cine, comprar cd´s, juguetes, espectaculos deportivos,etc)"
12,p606n,2023,2,"Esparcimiento y diversión (ir al cine, comprar cd, juguete, espectáculo deportivo,etc)","esparcimiento y diversion (ir al cine, comprar cd´s, juguetes, espectaculos deportivos,etc)"
12,p606n,2024,2,"Esparcimiento y diversion (ir al cine, comprar cd, juguete, espectaculo...)","esparcimiento y diversion (ir al cine, comprar cd´s, juguetes, espectaculos deportivos,etc)"
12,p606n,2024,3,"Aportaciones o cuotas a club, asociacion...","aportaciones o cuotas a clubes, asociaciones, etc."
12,p606n,2024,4,Gasto en gimnasio,"gastos en gimnasios(aerobicos, artes marciales, pesas)"
12,p606n,2024,6,Articulo deportivo,articulos deportivos
12,p606n,2024,7,Utiles de escritorio,"utiles de escritorio(cuadernos, papeles, etc.)"
12,p606n,2024,8,Otro gasto,otros gastos
12,ticuest01,2016,2,Cuestionario en tablet,cuestionario en pda
13,estrato,2016,1,De 500 000 a más habitantes., de 500 000 a más habitantes
13,estrato,2016,2,De 100 000 a 499 999 habitantes., de 100 000 a 499 999 habitantes
13,estrato,2016,3,De 50 000 a 99 999 habitantes., de 50 000 a 99 999 habitantes
13,estrato,2016,4,De 20 000 a 49 999 habitantes., de 20 000 a 49 999 habitantes
13,estrato,2016,5,De 2 000 a 19 999 habitantes.,de 2 000 a 19 999 habitantes
13,estrato,2016,6,De 500 a 1 999 habitantes., de 500 a 1 999 habitantes
13,estrato,2017,1,De 500 000 a más habitantes., de 500 000 a más habitantes
13,estrato,2017,2,De 100 000 a 499 999 habitantes., de 100 000 a 499 999 habitantes
13,estrato,2017,3,De 50 000 a 99 999 habitantes., de 50 000 a 99 999 habitantes
13,estrato,2017,4,De 20 000 a 49 999 habitantes., de 20 000 a 49 999 habitantes
13,estrato,2017,5,De 2 000 a 19 999 habitantes.,de 2 000 a 19 999 habitantes
13,estrato,2017,6,De 500 a 1 999 habitantes., de 500 a 1 999 habitantes
13,estrato,2018,1,De 500 000 a más habitantes., de 500 000 a más habitantes
13,estrato,2018,2,De 100 000 a 499 999 habitantes., de 100 000 a 499 999 habitantes
13,estrato,2018,3,De 50 000 a 99 999 habitantes., de 50 000 a 99 999 habitantes
13,estrato,2018,4,De 20 000 a 49 999 habitantes., de 20 000 a 49 999 habitantes
13,estrato,2018,5,De 2 000 a 19 999 habitantes.,de 2 000 a 19 999 habitantes
13,estrato,2018,6,De 500 a 1 999 habitantes., de 500 a 1 999 habitantes
13,estrato,2019,1,De 500 000 a más habitantes., de 500 000 a más habitantes
13,estrato,2019,2,De 100 000 a 499 999 habitantes., de 100 000 a 499 999 habitantes
13,estrato,2019,3,De 50 000 a 99 999 habitantes., de 50 000 a 99 999 habitantes
13,estrato,2019,4,De 20 000 a 49 999 habitantes., de 20 000 a 49 999 habitantes
13,estrato,2019,5,De 2 000 a 19 999 habitantes.,de 2 000 a 19 999 habitantes
13,estrato,2019,6,De 500 a 1 999 habitantes., de 500 a 1 999 habitantes
13,p607a1,2016,0,No marcado,pase
13,p607a1,2016,1,Comprado.,comprado
13,p607a1,2017,0,No marcado,pase
13,p607a1,2017,1,Comprado.,comprado
13,p607a1,2018,0,No marcado,pase
13,p607a1,2018,1,Comprado.,comprado
13,p607a1,2019,0,No marcado,pase
13,p607a1,2019,1,Comprado.,comprado
13,p607a1,2021,0,No marcado,pase
13,p607a1,2021,1,Comprado.,comprado
13,p607a1,2022,0,No marcado,pase
13,p607a1,2022,1,Comprado.,comprado
13,p607a1,2023,0,No marcado,pase
13,p607a1,2023,1,Comprado.,comprado
13,p607a1,2024,0,No marcado,pase
13,p607a1,2024,1,Comprado.,comprado
13,p607a2,2016,0,No marcado,pase
13,p607a2,2016,1,Autoconsumo.,autoconsumo
13,p607a2,2017,0,No marcado,pase
13,p607a2,2017,1,Autoconsumo.,autoconsumo
13,p607a2,2018,0,No marcado,pase
13,p607a2,2018,1,Autoconsumo.,autoconsumo
13,p607a2,2019,0,No marcado,pase
13,p607a2,2019,1,Autoconsumo.,autoconsumo
13,p607a2,2021,0,No marcado,pase
13,p607a2,2021,1,Autoconsumo.,autoconsumo
13,p607a2,2022,0,No marcado,pase
13,p607a2,2022,1,Autoconsumo.,autoconsumo
13,p607a2,2023,0,No marcado,pase
13,p607a2,2023,1,Autoconsumo.,autoconsumo
13,p607a2,2024,0,No marcado,pase
13,p607a2,2024,1,Autoconsumo.,autoconsumo
13,p607a3,2016,0,No marcado,pase
13,p607a3,2017,0,No marcado,pase
13,p607a3,2018,0,No marcado,pase
13,p607a3,2019,0,No marcado,pase
13,p607a3,2021,0,No marcado,pase
13,p607a3,2022,0,No marcado,pase
13,p607a3,2023,0,No marcado,pase
13,p607a3,2024,0,No marcado,pase
13,p607a4,2016,0,No marcado,pase
13,p607a4,2017,0,No marcado,pase
13,p607a4,2018,0,No marcado,pase
13,p607a4,2019,0,No marcado,pase
13,p607a4,2021,0,No marcado,pase
13,p607a4,2022,0,No marcado,pase
13,p607a4,2023,0,No marcado,pase
13,p607a4,2024,0,No marcado,pase
13,p607a5,2016,0,No marcado,pase
13,p607a5,2017,0,No marcado,pase
13,p607a5,2018,0,No marcado,pase
13,p607a5,2019,0,No marcado,pase
13,p607a5,2021,0,No marcado,pase
13,p607a5,2022,0,No marcado,pase
13,p607a5,2023,0,No marcado,pase
13,p607a5,2024,0,No marcado,pase
13,p607a6,2016,0,No marcado,pase
13,p607a6,2017,0,No marcado,pase
13,p607a6,2018,0,No marcado,pase
13,p607a6,2019,0,No marcado,pase
13,p607a6,2021,0,No marcado,pase
13,p607a6,2021,1,Donado por alguna institucion o prog.social,donado por alguna institución o programa social
13,p607a6,2022,0,No marcado,pase
13,p607a6,2022,1,Donado por alguna institucion o prog.social,donado por alguna institucion o programa social
13,p607a6,2023,0,No marcado,pase
13,p607a6,2023,1,Donado por alguna institucion o prog.social,donado por alguna institucion o programa social
13,p607a6,2024,0,No marcado,pase
13,p607a6,2024,1,Donado por alguna institucion o prog.social,donado por alguna institucion o programa social
13,p607a7,2016,0,No marcado,pase
13,p607a7,2017,0,No marcado,pase
13,p607a7,2018,0,No marcado,pase
13,p607a7,2019,0,No marcado,pase
13,p607a7,2021,0,No marcado,pase
13,p607a7,2022,0,No marcado,pase
13,p607a7,2023,0,No marcado,pase
13,p607a7,2024,0,No marcado,pase
13,p607a8,2016,0,No marcado,pase
13,p607a8,2016,1,No sabe / no responde,no sabe/ no responde
13,p607a8,2017,0,No marcado,pase
13,p607a8,2017,1,No sabe / no responde,no sabe/ no responde
13,p607a8,2018,0,No marcado,pase
13,p607a8,2018,1,No sabe / no responde,no sabe/ no responde
13,p607a8,2019,0,No marcado,pase
13,p607a8,2019,1,No sabe / no responde,no sabe/ no responde
13,p607a8,2021,0,No marcado,pase
13,p607a8,2021,1,No sabe / no responde,no sabe/ no responde
13,p607a8,2022,0,No marcado,pase
13,p607a8,2023,0,No marcado,pase
13,p607a8,2023,1,No sabe / no responde,no sabe/ no responde
13,p607a8,2024,0,No marcado,pase
13,p607a8,2024,1,No sabe / no responde,no sabe/ no responde
13,p607aa,2016,2,Bodega (por menor),bodega ( x menor )
13,p607aa,2016,3,Bodega (por  mayor),bodega ( x mayor )
13,p607aa,2016,7,Mercado (por menor),mercado ( x menor )
13,p607aa,2016,8,Mercado (por mayor),mercado ( x mayor )
13,p607aa,2017,2,Bodega (x menor),bodega (por menor )
13,p607aa,2017,3,Bodega (x mayor),bodega (por  mayor )
13,p607aa,2017,7,Mercado (x menor),mercado (por menor )
13,p607aa,2017,8,Mercado (x mayor),mercado (por mayor )
13,p607aa,2018,2,Bodega (x menor),bodega (por menor )
13,p607aa,2018,3,Bodega (x mayor),bodega (por  mayor )
13,p607aa,2018,7,Mercado (x menor),mercado (por menor )
13,p607aa,2018,8,Mercado (x mayor),mercado (por mayor )
13,p607aa,2019,2,Bodega (x menor),bodega (por menor)
13,p607aa,2019,3,Bodega (x mayor),bodega (por  mayor)
13,p607aa,2019,7,Mercado (x menor),mercado (por menor)
13,p607aa,2019,8,Mercado (x mayor),mercado (por mayor)
13,p607n,2016,4,Calzado para adultos ( incluye zapatillas ),calzado para adultos(incluye zapatillas)
13,p607n,2016,5,Calzado para niños ( incluye zapatillas ),calzado para niños(incluye zapatillas)
13,p607n,2016,7,"Otros gastos ( confección, etc. )","otros gastos(confección, etc.)"
13,p607n,2017,4,Calzado para adultos ( incluye zapatillas ),calzado para adultos (incluye zapatillas)
13,p607n,2017,5,Calzado para niños ( incluye zapatillas ),calzado para niños (incluye zapatillas)
13,p607n,2017,7,"Otros gastos ( confección, etc. )","otros gastos (confección, etc.)"
13,p607n,2018,4,Calzado para adultos ( incluye zapatillas ),calzado para adultos (incluye zapatillas)
13,p607n,2018,5,Calzado para niños ( incluye zapatillas ),calzado para niños (incluye zapatillas)
13,p607n,2018,7,"Otros gastos ( confección, etc. )","otros gastos (confección, etc.)"
13,p607n,2019,4,Calzado para adultos ( incluye zapatillas ),calzado para adultos (incluye zapatillas)
13,p607n,2019,5,Calzado para niños ( incluye zapatillas ),calzado para niños (incluye zapatillas)
13,p607n,2019,7,"Otros gastos ( confección, etc. )","otros gastos (confección, etc.)"
13,p607n,2021,4,Calzado para adultos ( incluye zapatillas ),calzado para adultos (incluye zapatillas)
13,p607n,2021,5,Calzado para niños ( incluye zapatillas ),calzado para niños (incluye zapatillas)
13,p607n,2021,7,"Otros gastos ( confección, etc. )","otros gastos (confección, etc.)"
13,p607n,2022,4,Calzado para adultos ( incluye zapatillas ),calzado para adultos (incluye zapatillas)
13,p607n,2022,5,Calzado para niños ( incluye zapatillas ),calzado para niños (incluye zapatillas)
13,p607n,2022,7,"Otros gastos ( confección, etc. )","otros gastos (confeccion, etc.)"
13,p607n,2023,4,Calzado para adultos ( incluye zapatillas ),calzado para adultos (incluye zapatillas)
13,p607n,2023,5,Calzado para niños ( incluye zapatillas ),calzado para niños (incluye zapatillas)
13,p607n,2023,7,"Otros gastos ( confección, etc. )","otros gastos (confeccion, etc.)"
13,p607n,2024,4,Calzado para adultos ( incluye zapatillas ),calzado para adultos (incluye zapatillas)
13,p607n,2024,5,Calzado para niños ( incluye zapatillas ),calzado para niños (incluye zapatillas)
13,p607n,2024,7,"Otros gastos ( confección, etc. )","otros gastos (confeccion, etc.)"
13,ticuest01,2016,2,Cuestionario en tablet,cuestionario en pda
15,estrato,2016,1,De 500 000 a más habitantes.,de 500 000 a más habitantes
15,estrato,2016,2,De 100 000 a 499 999 habitantes.,de 100 000 a 499 999 habitantes
15,estrato,2016,3,De 50 000 a 99 999 habitantes.,de 50 000 a 99 999 habitantes
15,estrato,2016,4,De 20 000 a 49 999 habitantes.,de 20 000 a 49 999 habitantes
15,estrato,2016,5,De 2 000 a 19 999 habitantes.,de 2 000 a 19 999 habitantes
15,estrato,2016,6,De 500 a 1 999 habitantes.,de 500 a 1 999 habitantes
15,estrato,2017,1,De 500 000 a más habitantes.,de 500 000 a más habitantes
15,estrato,2017,2,De 100 000 a 499 999 habitantes.,de 100 000 a 499 999 habitantes
15,estrato,2017,3,De 50 000 a 99 999 habitantes.,de 50 000 a 99 999 habitantes
15,estrato,2017,4,De 20 000 a 49 999 habitantes.,de 20 000 a 49 999 habitantes
15,estrato,2017,5,De 2 000 a 19 999 habitantes.,de 2 000 a 19 999 habitantes
15,estrato,2017,6,De 500 a 1 999 habitantes.,de 500 a 1 999 habitantes
15,estrato,2018,1,De 500 000 a más habitantes.,de 500 000 a más habitantes
15,estrato,2018,2,De 100 000 a 499 999 habitantes.,de 100 000 a 499 999 habitantes
15,estrato,2018,3,De 50 000 a 99 999 habitantes.,de 50 000 a 99 999 habitantes
15,estrato,2018,4,De 20 000 a 49 999 habitantes.,de 20 000 a 49 999 habitantes
15,estrato,2018,5,De 2 000 a 19 999 habitantes.,de 2 000 a 19 999 habitantes
15,estrato,2018,6,De 500 a 1 999 habitantes.,de 500 a 1 999 habitantes
15,estrato,2019,1,De 500 000 a más habitantes.,de 500 000 a más habitantes
15,estrato,2019,2,De 100 000 a 499 999 habitantes.,de 100 000 a 499 999 habitantes
15,estrato,2019,3,De 50 000 a 99 999 habitantes.,de 50 000 a 99 999 habitantes
15,estrato,2019,4,De 20 000 a 49 999 habitantes.,de 20 000 a 49 999 habitantes
15,estrato,2019,5,De 2 000 a 19 999 habitantes.,de 2 000 a 19 999 habitantes
15,estrato,2019,6,De 500 a 1 999 habitantes.,de 500 a 1 999 habitantes
15,p609n,2016,4,"Donaciónes a instituciones : iglesia ( limosnas ), caritas, etc","donaciones a instituciones: iglesia(limosna), caritas, etc."
15,p609n,2016,5,"Remesas, donaciónes o regalos a familiares fuera del hogar","remesas, donaciones o regalos a miembros del hogar que están fuera de él"
15,p609n,2016,7,"Pago de seguro de vida y otros seguros (seguro facultativo, s.o.a.t.,etc)","pago de seguro de vida y otros seguros (seguro facultativo, s.o.a.t., etc.)"
15,p609n,2016,8,Remesas periódicas a otros miembros del hogar que no residan en la,remesas periódicas a otros familiares que no residan en la vivienda
15,p609n,2016,9,Otro,otros gastos
15,p609n,2017,4,"Donaciones a instituciones : iglesia ( limosnas ), caritas, etc","donaciones a instituciones: iglesia (limosna), cáritas, etc."
15,p609n,2017,5,"Remesas, donaciones o regalos a familiares fuera del hogar","remesas, donaciones o regalos a miembros del hogar que están fuera de él"
15,p609n,2017,7,"Pago de seguro de vida y otros seguros (seguro facultativo, s.o.a.t.,etc)","pago de seguro de vida y otros seguros (seguro facultativo, soat, etc.)"
15,p609n,2017,8,Remesas periódicas a otros miembros del hogar que no residan en la,remesas periódicas a otros familiares que no residan en la vivienda
15,p609n,2017,9,Otro,otros gastos
15,p609n,2018,4,"Donaciones a instituciones : iglesia ( limosnas ), caritas, etc","donaciones a instituciones: iglesia (limosna), cáritas, etc."
15,p609n,2018,5,"Remesas, donaciones o regalos a familiares fuera del hogar","remesas, donaciones o regalos a miembros del hogar que están fuera de él"
15,p609n,2018,7,"Pago de seguro de vida y otros seguros (seguro facultativo, s.o.a.t.,etc)","pago de seguro de vida y otros seguros (seguro facultativo, soat, etc.)"
15,p609n,2018,8,Remesas periódicas a otros miembros del hogar que no residan en la,remesas periódicas a otros familiares que no residan en la vivienda
15,p609n,2018,9,Otro,otros gastos
15,p609n,2019,4,"Donaciones a instituciones : iglesia ( limosnas ), caritas, etc","donaciones a instituciones: iglesia (limosna), cáritas, etc."
15,p609n,2019,5,"Remesas, donaciones o regalos a familiares fuera del hogar","remesas, donaciones o regalos a miembros del hogar que están fuera de él"
15,p609n,2019,7,"Pago de seguro de vida y otros seguros (seguro facultativo, s.o.a.t.,etc)","pago de seguro de vida y otros seguros (seguro facultativo, soat, etc.)"
15,p609n,2019,8,Remesas periódicas a otros miembros del hogar que no residan en la,remesas periódicas a otros familiares que no residan en la vivienda
15,p609n,2019,9,Otro,otros gastos
15,p609n,2024,7,Pago de seguro de vida y otros seguros,"pago de seguro de vida y otros seguros (seguro facultativo, soat, etc.)"
15,ticuest01,2016,2,Cuestionario en tablet,cuestionario en pda
16,estrato,2016,1,De 500 000 a más habitantes., de 500 000 a más habitantes
16,estrato,2016,2,De 100 000 a 499 999 habitantes., de 100 000 a 499 999 habitantes
16,estrato,2016,3,De 50 000 a 99 999 habitantes., de 50 000 a 99 999 habitantes
16,estrato,2016,4,De 20 000 a 49 999 habitantes., de 20 000 a 49 999 habitantes
16,estrato,2016,5,De 2 000 a 19 999 habitantes.,de 2 000 a 19 999 habitantes
16,estrato,2016,6,De 500 a 1 999 habitantes., de 500 a 1 999 habitantes
16,estrato,2017,1,De 500 000 a más habitantes., de 500 000 a más habitantes
16,estrato,2017,2,De 100 000 a 499 999 habitantes., de 100 000 a 499 999 habitantes
16,estrato,2017,3,De 50 000 a 99 999 habitantes., de 50 000 a 99 999 habitantes
16,estrato,2017,4,De 20 000 a 49 999 habitantes., de 20 000 a 49 999 habitantes
16,estrato,2017,5,De 2 000 a 19 999 habitantes.,de 2 000 a 19 999 habitantes
16,estrato,2017,6,De 500 a 1 999 habitantes., de 500 a 1 999 habitantes
16,estrato,2018,1,De 500 000 a más habitantes., de 500 000 a más habitantes
16,estrato,2018,2,De 100 000 a 499 999 habitantes., de 100 000 a 499 999 habitantes
16,estrato,2018,3,De 50 000 a 99 999 habitantes., de 50 000 a 99 999 habitantes
16,estrato,2018,4,De 20 000 a 49 999 habitantes., de 20 000 a 49 999 habitantes
16,estrato,2018,5,De 2 000 a 19 999 habitantes.,de 2 000 a 19 999 habitantes
16,estrato,2018,6,De 500 a 1 999 habitantes., de 500 a 1 999 habitantes
16,estrato,2019,1,De 500 000 a más habitantes., de 500 000 a más habitantes
16,estrato,2019,2,De 100 000 a 499 999 habitantes., de 100 000 a 499 999 habitantes
16,estrato,2019,3,De 50 000 a 99 999 habitantes., de 50 000 a 99 999 habitantes
16,estrato,2019,4,De 20 000 a 49 999 habitantes., de 20 000 a 49 999 habitantes
16,estrato,2019,5,De 2 000 a 19 999 habitantes.,de 2 000 a 19 999 habitantes
16,estrato,2019,6,De 500 a 1 999 habitantes., de 500 a 1 999 habitantes
16,p610a1,2016,0,No marcado,pase
16,p610a1,2017,0,No marcado,pase
16,p610a1,2018,0,No marcado,pase
16,p610a1,2019,0,No marcado,pase
16,p610a1,2021,0,No marcado,pase
16,p610a1,2022,0,No marcado,pase
16,p610a1,2023,0,No marcado,pase
16,p610a1,2024,0,No marcado,pase
16,p610a2,2016,0,No marcado,pase
16,p610a2,2017,0,No marcado,pase
16,p610a2,2018,0,No marcado,pase
16,p610a2,2019,0,No marcado,pase
16,p610a2,2021,0,No marcado,pase
16,p610a2,2022,0,No marcado,pase
16,p610a2,2023,0,No marcado,pase
16,p610a2,2024,0,No marcado,pase
16,p610a3,2016,0,No marcado,pase
16,p610a3,2017,0,No marcado,pase
16,p610a3,2018,0,No marcado,pase
16,p610a3,2019,0,No marcado,pase
16,p610a3,2021,0,No marcado,pase
16,p610a3,2022,0,No marcado,pase
16,p610a3,2023,0,No marcado,pase
16,p610a3,2024,0,No marcado,pase
16,p610a4,2016,0,No marcado,pase
16,p610a4,2016,1,Como parte de un pago a un miembro del hogar,como parte de pago a un miembro del hogar
16,p610a4,2017,0,No marcado,pase
16,p610a4,2017,1,Como parte de un pago a un miembro del hogar,como parte de pago a un miembro del hogar
16,p610a4,2018,0,No marcado,pase
16,p610a4,2018,1,Como parte de un pago a un miembro del hogar,como parte de pago a un miembro del hogar
16,p610a4,2019,0,No marcado,pase
16,p610a4,2019,1,Como parte de un pago a un miembro del hogar,como parte de pago a un miembro del hogar
16,p610a4,2021,0,No marcado,pase
16,p610a4,2022,0,No marcado,pase
16,p610a4,2023,0,No marcado,pase
16,p610a4,2024,0,No marcado,pase
16,p610a5,2016,0,No marcado,pase
16,p610a5,2016,1,Regalado o pagado,regalado o pagado por algún miembro de otro hogar
16,p610a5,2017,0,No marcado,pase
16,p610a5,2017,1,Regalado o pagado,regalado o pagado por algún miembro de otro hogar
16,p610a5,2018,0,No marcado,pase
16,p610a5,2018,1,Regalado o pagado,regalado o pagado por algún miembro de otro hogar
16,p610a5,2019,0,No marcado,pase
16,p610a5,2019,1,Regalado o pagado,regalado o pagado por algún miembro de otro hogar
16,p610a5,2021,0,No marcado,pase
16,p610a5,2022,0,No marcado,pase
16,p610a5,2023,0,No marcado,pase
16,p610a5,2024,0,No marcado,pase
16,p610a6,2016,0,No marcado,pase
16,p610a6,2017,0,No marcado,pase
16,p610a6,2018,0,No marcado,pase
16,p610a6,2019,0,No marcado,pase
16,p610a6,2021,0,No marcado,pase
16,p610a6,2022,0,No marcado,pase
16,p610a6,2023,0,No marcado,pase
16,p610a6,2024,0,No marcado,pase
16,p610a6,2024,1,Donado por alguna  inst. o prog.social,donado por alguna institucion o programa social
16,p610a7,2016,0,No marcado,pase
16,p610a7,2017,0,No marcado,pase
16,p610a7,2018,0,No marcado,pase
16,p610a7,2019,0,No marcado,pase
16,p610a7,2021,0,No marcado,pase
16,p610a7,2022,0,No marcado,pase
16,p610a7,2023,0,No marcado,pase
16,p610a7,2024,0,No marcado,pase
16,p610a8,2016,0,No marcado,pase
16,p610a8,2016,1,No sabe / no responde,no sabe/no responde
16,p610a8,2017,0,No marcado,pase
16,p610a8,2017,1,No sabe / no responde,no sabe/no responde
16,p610a8,2018,0,No marcado,pase
16,p610a8,2018,1,No sabe / no responde,no sabe/no responde
16,p610a8,2019,0,No marcado,pase
16,p610a8,2019,1,No sabe / no responde,no sabe/no responde
16,p610a8,2021,0,No marcado,pase
16,p610a8,2021,1,No sabe / no responde,no sabe/no responde
16,p610a8,2022,0,No marcado,pase
16,p610a8,2022,1,No sabe / no responde,no sabe/no responde
16,p610a8,2023,0,No marcado,pase
16,p610a8,2023,1,No sabe / no responde,no sabe/no responde
16,p610a8,2024,0,No marcado,pase
16,p610a8,2024,1,No sabe / no responde,no sabe/no responde
16,p610aa,2016,4,Mercado (x menor),mercado ( x menor )
16,p610aa,2016,5,Mercado (x mayor),mercado ( x mayor )
16,p610aa,2017,4,Mercado (x menor),mercado (por menor)
16,p610aa,2017,5,Mercado (x mayor),mercado (por mayor)
16,p610aa,2018,4,Mercado (x menor),mercado (por menor)
16,p610aa,2018,5,Mercado (x mayor),mercado (por mayor)
16,p610aa,2019,4,Mercado (x menor),mercado (por menor)
16,p610aa,2019,5,Mercado (x mayor),mercado (por mayor)
16,p610aa,2021,1,No sabe/no responde,ambulante
16,p610aa,2022,1,No sabe/no responde,ambulante
16,p610aa,2023,1,No sabe/no responde,ambulante
16,p610n,2016,1,"Repararon muebles del hogar (cama, mesa, etc.)","repararon muebles del hogar(cama, mesa, etc.)"
16,p610n,2016,2,"Repararon aparatos electrodomésticos (radio, tv., etc.)","repararon aparatos electrodomésticos(radio, tv, etc.)"
16,p610n,2016,3,"Tejidos, artículos de tela para el hogar (cortinas,sábanas,toallas,etc.)","tejidos, artículos de tela para el hogar(cortinas, sábanas, toallas, etc)"
16,p610n,2016,5,"Compraron muebles del hogar (muebles de sala, dormitorio, cocina,","compraron muebles del hogar(muebles de sala, dormitorio, cocina, armarios, etc."
16,p610n,2017,1,"Repararon muebles del hogar (cama, mesa, etc.)","repararon muebles del hogar(cama, mesa, etc.)"
16,p610n,2017,2,"Repararon aparatos electrodomésticos (radio, tv., etc.)","repararon aparatos electrodomésticos(radio, tv, etc.)"
16,p610n,2017,3,"Tejidos, artículos de tela para el hogar (cortinas,sábanas,toallas,etc.)","tejidos, artículos de tela para el hogar(cortinas, sábanas, toallas, etc)"
16,p610n,2017,5,"Compraron muebles del hogar (muebles de sala, dormitorio, cocina,","compraron muebles del hogar(muebles de sala, dormitorio, cocina, armarios, etc."
16,p610n,2018,1,"Repararon muebles del hogar (cama, mesa, etc.)","repararon muebles del hogar(cama, mesa, etc.)"
16,p610n,2018,2,"Repararon aparatos electrodomésticos (radio, tv., etc.)","repararon aparatos electrodomésticos(radio, tv, etc.)"
16,p610n,2018,3,"Tejidos, artículos de tela para el hogar (cortinas,sábanas,toallas,etc.)","tejidos, artículos de tela para el hogar(cortinas, sábanas, toallas, etc)"
16,p610n,2018,5,"Compraron muebles del hogar (muebles de sala, dormitorio, cocina,","compraron muebles del hogar(muebles de sala, dormitorio, cocina, armarios, etc."
16,p610n,2019,1,"Repararon muebles del hogar (cama, mesa, etc.)","repararon muebles del hogar(cama, mesa, etc.)"
16,p610n,2019,2,"Repararon aparatos electrodomésticos (radio, tv., etc.)","repararon aparatos electrodomésticos(radio, tv, etc.)"
16,p610n,2019,3,"Tejidos, artículos de tela para el hogar (cortinas,sábanas,toallas,etc.)","tejidos, artículos de tela para el hogar(cortinas, sábanas, toallas, etc)"
16,p610n,2019,5,"Compraron muebles del hogar (muebles de sala, dormitorio, cocina,","compraron muebles del hogar(muebles de sala, dormitorio, cocina, armarios, etc."
16,p610n,2021,1,"Repararon muebles del hogar (cama, mesa, etc.)","repararon muebles del hogar(cama, mesa, etc.)"
16,p610n,2021,2,"Repararon aparatos electrodomésticos (radio, tv., etc.)","repararon aparatos electrodomésticos(radio, tv, etc.)"
16,p610n,2022,1,"Repararon muebles del hogar (cama, mesa, etc.)","repararon muebles del hogar(cama, mesa, etc.)"
16,p610n,2022,2,"Repararon aparatos electrodomésticos (radio, tv., etc.)","repararon aparatos electrodomesticos(radio, tv, etc.)"
16,p610n,2022,3,"Tejidos, artículos de tela para el hogar(cortinas, sábanas, toallas, etc)","tejidos, articulos de tela para el hogar(cortina, sabana, toalla, etc)"
16,p610n,2022,4,"Cristalería, vajilla y utensilios domésticos","cristaleria, vajilla y utensilio domestico"
16,p610n,2022,5,"Compraron muebles del hogar(muebles de sala, dormitorio, cocina, armarios, etc.","compraron muebles del hogar(mueble de sala, dormitorio, cocina, armario, etc."
16,p610n,2023,1,"Repararon muebles del hogar (cama, mesa, etc.)","repararon muebles del hogar(cama, mesa, etc.)"
16,p610n,2023,2,"Repararon aparatos electrodomésticos (radio, tv., etc.)","repararon aparatos electrodomesticos(radio, tv, etc.)"
16,p610n,2023,3,"Tejidos, artículos de tela para el hogar(cortinas, sábanas, toallas, etc)","tejidos, articulos de tela para el hogar(cortina, sabana, toalla, etc)"
16,p610n,2023,4,"Cristalería, vajilla y utensilios domésticos","cristaleria, vajilla y utensilio domestico"
16,p610n,2023,5,"Compraron muebles del hogar(muebles de sala, dormitorio, cocina, armarios, etc.","compraron muebles del hogar(mueble de sala, dormitorio, cocina, armario, etc."
16,p610n,2024,1,"Repararon muebles del hogar (cama, mesa, etc.)","repararon muebles del hogar(cama, mesa, etc.)"
16,p610n,2024,2,"Repararon aparatos electrodomésticos (radio, tv., etc.)","repararon aparatos electrodomesticos(radio, tv, etc.)"
16,ticuest01,2016,2,Cuestionario en tablet,cuestionario en pda
17,estrato,2016,1,De 500 000 a más habitantes., de 500 000 a más habitantes
17,estrato,2016,2,De 100 000 a 499 999 habitantes., de 100 000 a 499 999 habitantes
17,estrato,2016,3,De 50 000 a 99 999 habitantes., de 50 000 a 99 999 habitantes
17,estrato,2016,4,De 20 000 a 49 999 habitantes., de 20 000 a 49 999 habitantes
17,estrato,2016,5,De 2 000 a 19 999 habitantes.,de 2 000 a 19 999 habitantes
17,estrato,2016,6,De 500 a 1 999 habitantes., de 500 a 1 999 habitantes
17,estrato,2017,1,De 500 000 a más habitantes., de 500 000 a más habitantes
17,estrato,2017,2,De 100 000 a 499 999 habitantes., de 100 000 a 499 999 habitantes
17,estrato,2017,3,De 50 000 a 99 999 habitantes., de 50 000 a 99 999 habitantes
17,estrato,2017,4,De 20 000 a 49 999 habitantes., de 20 000 a 49 999 habitantes
17,estrato,2017,5,De 2 000 a 19 999 habitantes.,de 2 000 a 19 999 habitantes
17,estrato,2017,6,De 500 a 1 999 habitantes., de 500 a 1 999 habitantes
17,estrato,2018,1,De 500 000 a más habitantes., de 500 000 a más habitantes
17,estrato,2018,2,De 100 000 a 499 999 habitantes., de 100 000 a 499 999 habitantes
17,estrato,2018,3,De 50 000 a 99 999 habitantes., de 50 000 a 99 999 habitantes
17,estrato,2018,4,De 20 000 a 49 999 habitantes., de 20 000 a 49 999 habitantes
17,estrato,2018,5,De 2 000 a 19 999 habitantes.,de 2 000 a 19 999 habitantes
17,estrato,2018,6,De 500 a 1 999 habitantes., de 500 a 1 999 habitantes
17,estrato,2019,1,De 500 000 a más habitantes., de 500 000 a más habitantes
17,estrato,2019,2,De 100 000 a 499 999 habitantes., de 100 000 a 499 999 habitantes
17,estrato,2019,3,De 50 000 a 99 999 habitantes., de 50 000 a 99 999 habitantes
17,estrato,2019,4,De 20 000 a 49 999 habitantes., de 20 000 a 49 999 habitantes
17,estrato,2019,5,De 2 000 a 19 999 habitantes.,de 2 000 a 19 999 habitantes
17,estrato,2019,6,De 500 a 1 999 habitantes., de 500 a 1 999 habitantes
17,p611a1,2016,0,No marcado,pase
17,p611a1,2017,0,No marcado,pase
17,p611a1,2018,0,No marcado,pase
17,p611a1,2019,0,No marcado,pase
17,p611a1,2021,0,No marcado,pase
17,p611a1,2022,0,No marcado,pase
17,p611a1,2023,0,No marcado,pase
17,p611a1,2024,0,No marcado,pase
17,p611a2,2016,0,No marcado,pase
17,p611a2,2017,0,No marcado,pase
17,p611a2,2018,0,No marcado,pase
17,p611a2,2019,0,No marcado,pase
17,p611a2,2021,0,No marcado,pase
17,p611a2,2022,0,No marcado,pase
17,p611a2,2023,0,No marcado,pase
17,p611a2,2024,0,No marcado,pase
17,p611a3,2016,0,No marcado,pase
17,p611a3,2017,0,No marcado,pase
17,p611a3,2018,0,No marcado,pase
17,p611a3,2019,0,No marcado,pase
17,p611a3,2021,0,No marcado,pase
17,p611a3,2022,0,No marcado,pase
17,p611a3,2023,0,No marcado,pase
17,p611a3,2024,0,No marcado,pase
17,p611a4,2016,0,No marcado,pase
17,p611a4,2017,0,No marcado,pase
17,p611a4,2018,0,No marcado,pase
17,p611a4,2019,0,No marcado,pase
17,p611a4,2021,0,No marcado,pase
17,p611a4,2022,0,No marcado,pase
17,p611a4,2023,0,No marcado,pase
17,p611a4,2024,0,No marcado,pase
17,p611a5,2016,0,No marcado,pase
17,p611a5,2017,0,No marcado,pase
17,p611a5,2018,0,No marcado,pase
17,p611a5,2019,0,No marcado,pase
17,p611a5,2021,0,No marcado,pase
17,p611a5,2022,0,No marcado,pase
17,p611a5,2023,0,No marcado,pase
17,p611a5,2024,0,No marcado,pase
17,p611a6,2016,0,No marcado,pase
17,p611a6,2017,0,No marcado,pase
17,p611a6,2018,0,No marcado,pase
17,p611a6,2019,0,No marcado,pase
17,p611a6,2021,0,No marcado,pase
17,p611a6,2022,0,No marcado,pase
17,p611a6,2023,0,No marcado,pase
17,p611a6,2024,0,No marcado,pase
17,p611a7,2016,0,No marcado,pase
17,p611a7,2017,0,No marcado,pase
17,p611a7,2018,0,No marcado,pase
17,p611a7,2019,0,No marcado,pase
17,p611a7,2021,0,No marcado,pase
17,p611a7,2022,0,No marcado,pase
17,p611a7,2023,0,No marcado,pase
17,p611a7,2024,0,No marcado,pase
17,p611aa,2016,2,Bodega (x menor),bodega ( x menor )
17,p611aa,2016,3,Bodega (x mayor),bodega ( x mayor )
17,p611aa,2016,6,Mercado (x menor),mercado ( x menor )
17,p611aa,2016,7,Mercado (x mayor),mercado ( x mayor )
17,p611aa,2017,2,Bodega (x menor),bodega (por menor )
17,p611aa,2017,3,Bodega (x mayor),bodega (por mayor )
17,p611aa,2017,6,Mercado (x menor),mercado (por menor )
17,p611aa,2017,7,Mercado (x mayor),mercado (por mayor )
17,p611aa,2018,2,Bodega (x menor),bodega (por menor )
17,p611aa,2018,3,Bodega (x mayor),bodega (por mayor )
17,p611aa,2018,6,Mercado (x menor),mercado (por menor )
17,p611aa,2018,7,Mercado (x mayor),mercado (por mayor )
17,p611aa,2019,2,Bodega (x menor),bodega (por menor )
17,p611aa,2019,3,Bodega (x mayor),bodega (por mayor )
17,p611aa,2019,6,Mercado (x menor),mercado (por menor )
17,p611aa,2019,7,Mercado (x mayor),mercado (por mayor )
17,p611aa,2022,2,Bodega (por menor ),bodega (por menor)
17,p611aa,2022,6,Mercado (por menor ),mercado (por menor)
17,p611aa,2022,7,Mercado (por mayor ),mercado (por mayor)
17,p611aa,2023,2,Bodega (por menor ),bodega (por menor)
17,p611aa,2023,6,Mercado (por menor ),mercado (por menor)
17,p611aa,2023,7,Mercado (por mayor ),mercado (por mayor)
17,p611n,2016,6,"Monederos, llaveros, paraguas, ganchos, y adornos para el cabello, etc","monederos, llaveros, paraguas, ganchos y adornos para el cabello"
17,p611n,2016,7,"Denuncias (especie valorada, etc.)","denuncias(especies valoradas, etc.)"
17,p611n,2017,6,"Monederos, llaveros, paraguas, ganchos, y adornos para el cabello, etc","monederos, llaveros, paraguas, ganchos y adornos para el cabello"
17,p611n,2017,7,"Denuncias (especie valorada, etc.)","denuncias(especies valoradas, etc.)"
17,p611n,2018,6,"Monederos, llaveros, paraguas, ganchos, y adornos para el cabello, etc","monederos, llaveros, paraguas, ganchos y adornos para el cabello"
17,p611n,2018,7,"Denuncias (especie valorada, etc.)","denuncias(especies valoradas, etc.)"
17,p611n,2019,6,"Monederos, llaveros, paraguas, ganchos, y adornos para el cabello, etc","monederos, llaveros, paraguas, ganchos y adornos para el cabello"
17,p611n,2019,7,"Denuncias (especie valorada, etc.)","denuncias(especies valoradas, etc.)"
17,t611n,2016,13,Otros,"gastos en ayni, cumpleaños, celebraciones y otros"
17,t611n,2017,13,Otros,"gastos en ayni, cumpleaños, celebraciones y otros"
17,t611n,2018,13,Otros,"gastos en ayni, cumpleaños, celebraciones y otros"
17,t611n,2019,13,Otros,"gastos en ayni, cumpleaños, celebraciones y otros"
17,t611n,2023,6,"Monederos, llaveros, paraguas, ganchos,...etc.","monederos, llaveros, paraguas, ganchos, etc."
17,t611n,2023,13,Otros,"gastos en ayni, cumpleaños, celebraciones y otros"
17,t611n,2024,6,"Monederos, llaveros, paraguas, ganchos,...etc.","monederos, llaveros, paraguas, ganchos, etc."
17,t611n,2024,13,Otros,"gastos en ayni, cumpleaños, celebraciones y otros"
17,ticuest01,2016,2,Cuestionario en tablet,cuestionario en pda
18,estrato,2016,1,De 500 000 a más habitantes., de 500 000 a más habitantes
18,estrato,2016,2,De 100 000 a 499 999 habitantes., de 100 000 a 499 999 habitantes
18,estrato,2016,3,De 50 000 a 99 999 habitantes., de 50 000 a 99 999 habitantes
18,estrato,2016,4,De 20 000 a 49 999 habitantes., de 20 000 a 49 999 habitantes
18,estrato,2016,5,De 2 000 a 19 999 habitantes.,de 2 000 a 19 999 habitantes
18,estrato,2016,6,De 500 a 1 999 habitantes., de 500 a 1 999 habitantes
18,estrato,2017,1,De 500 000 a más habitantes., de 500 000 a más habitantes
18,estrato,2017,2,De 100 000 a 499 999 habitantes., de 100 000 a 499 999 habitantes
18,estrato,2017,3,De 50 000 a 99 999 habitantes., de 50 000 a 99 999 habitantes
18,estrato,2017,4,De 20 000 a 49 999 habitantes., de 20 000 a 49 999 habitantes
18,estrato,2017,5,De 2 000 a 19 999 habitantes.,de 2 000 a 19 999 habitantes
18,estrato,2017,6,De 500 a 1 999 habitantes., de 500 a 1 999 habitantes
18,estrato,2018,1,De 500 000 a más habitantes., de 500 000 a más habitantes
18,estrato,2018,2,De 100 000 a 499 999 habitantes., de 100 000 a 499 999 habitantes
18,estrato,2018,3,De 50 000 a 99 999 habitantes., de 50 000 a 99 999 habitantes
18,estrato,2018,4,De 20 000 a 49 999 habitantes., de 20 000 a 49 999 habitantes
18,estrato,2018,5,De 2 000 a 19 999 habitantes.,de 2 000 a 19 999 habitantes
18,estrato,2018,6,De 500 a 1 999 habitantes., de 500 a 1 999 habitantes
18,estrato,2019,1,De 500 000 a más habitantes., de 500 000 a más habitantes
18,estrato,2019,2,De 100 000 a 499 999 habitantes., de 100 000 a 499 999 habitantes
18,estrato,2019,3,De 50 000 a 99 999 habitantes., de 50 000 a 99 999 habitantes
18,estrato,2019,4,De 20 000 a 49 999 habitantes., de 20 000 a 49 999 habitantes
18,estrato,2019,5,De 2 000 a 19 999 habitantes.,de 2 000 a 19 999 habitantes
18,estrato,2019,6,De 500 a 1 999 habitantes., de 500 a 1 999 habitantes
18,p612n,2016,2,Tv. a color,tv a color
18,p612n,2016,3,Tv. blanco y negro,tv blanco y negro
18,p612n,2016,12,Refrigeradora / congeladora,refrigeradora/congeladora
18,p612n,2017,2,Tv. a color,tv a color
18,p612n,2017,3,Tv. blanco y negro,tv blanco y negro
18,p612n,2017,12,Refrigeradora / congeladora,refrigeradora/congeladora
18,p612n,2018,2,Tv. a color,tv a color
18,p612n,2018,3,Tv. blanco y negro,tv blanco y negro
18,p612n,2018,7,Computadora /laptop,computadora/laptop
18,p612n,2018,12,Refrigeradora / congeladora,refrigeradora/congeladora
18,p612n,2019,2,Tv. a color,tv a color
18,p612n,2019,3,Tv. blanco y negro,tv blanco y negro
18,p612n,2019,7,Computadora /laptop,computadora/laptop
18,p612n,2019,12,Refrigeradora / congeladora,refrigeradora/congeladora
18,ticuest01,2016,2,Cuestionario en tablet,cuestionario en pda
22,estrato,2016,1,De 500 000 a más habitantes.,de 500 000 a más habitantes
22,estrato,2016,2,De 100 000 a 499 999 habitantes.,de 100 000 a 499 999 habitantes
22,estrato,2016,3,De 50 000 a 99 999 habitantes.,de 50 000 a 99 999 habitantes
22,estrato,2016,4,De 20 000 a 49 999 habitantes.,de 20 000 a 49 999 habitantes
22,estrato,2016,5,De 2 000 a 19 999 habitantes.,de 2 000 a 19 999 habitantes
22,estrato,2016,6,De 500 a 1 999 habitantes.,de 500 a 1 999 habitantes
22,estrato,2017,1,De 500 000 a más habitantes.,de 500 000 a más habitantes
22,estrato,2017,2,De 100 000 a 499 999 habitantes.,de 100 000 a 499 999 habitantes
22,estrato,2017,3,De 50 000 a 99 999 habitantes.,de 50 000 a 99 999 habitantes
22,estrato,2017,4,De 20 000 a 49 999 habitantes.,de 20 000 a 49 999 habitantes
22,estrato,2017,5,De 2 000 a 19 999 habitantes.,de 2 000 a 19 999 habitantes
22,estrato,2017,6,De 500 a 1 999 habitantes.,de 500 a 1 999 habitantes
22,estrato,2018,1,De 500 000 a más habitantes.,de 500 000 a más habitantes
22,estrato,2018,2,De 100 000 a 499 999 habitantes.,de 100 000 a 499 999 habitantes
22,estrato,2018,3,De 50 000 a 99 999 habitantes.,de 50 000 a 99 999 habitantes
22,estrato,2018,4,De 20 000 a 49 999 habitantes.,de 20 000 a 49 999 habitantes
22,estrato,2018,5,De 2 000 a 19 999 habitantes.,de 2 000 a 19 999 habitantes
22,estrato,2018,6,De 500 a 1 999 habitantes.,de 500 a 1 999 habitantes
22,estrato,2019,1,De 500 000 a más habitantes.,de 500 000 a más habitantes
22,estrato,2019,2,De 100 000 a 499 999 habitantes.,de 100 000 a 499 999 habitantes
22,estrato,2019,3,De 50 000 a 99 999 habitantes.,de 50 000 a 99 999 habitantes
22,estrato,2019,4,De 20 000 a 49 999 habitantes.,de 20 000 a 49 999 habitantes
22,estrato,2019,5,De 2 000 a 19 999 habitantes.,de 2 000 a 19 999 habitantes
22,estrato,2019,6,De 500 a 1 999 habitantes.,de 500 a 1 999 habitantes
23,estrato,2016,1,De 500 000 a más habitantes., de 500 000 a más habitantes
23,estrato,2016,2,De 100 000 a 499 999 habitantes., de 100 000 a 499 999 habitantes
23,estrato,2016,3,De 50 000 a 99 999 habitantes., de 50 000 a 99 999 habitantes
23,estrato,2016,4,De 20 000 a 49 999 habitantes., de 20 000 a 49 999 habitantes
23,estrato,2016,5,De 2 000 a 19 999 habitantes.,de 2 000 a 19 999 habitantes
23,estrato,2016,6,De 500 a 1 999 habitantes., de 500 a 1 999 habitantes
23,estrato,2017,1,De 500 000 a más habitantes.,de 500 000 a más habitantes
23,estrato,2017,2,De 100 000 a 499 999 habitantes.,de 100 000 a 499 999 habitantes
23,estrato,2017,3,De 50 000 a 99 999 habitantes.,de 50 000 a 99 999 habitantes
23,estrato,2017,4,De 20 000 a 49 999 habitantes.,de 20 000 a 49 999 habitantes
23,estrato,2017,5,De 2 000 a 19 999 habitantes.,de 2 000 a 19 999 habitantes
23,estrato,2017,6,De 500 a 1 999 habitantes.,de 500 a 1 999 habitantes
23,estrato,2018,1,De 500 000 a más habitantes.,de 500 000 a más habitantes
23,estrato,2018,2,De 100 000 a 499 999 habitantes.,de 100 000 a 499 999 habitantes
23,estrato,2018,3,De 50 000 a 99 999 habitantes.,de 50 000 a 99 999 habitantes
23,estrato,2018,4,De 20 000 a 49 999 habitantes.,de 20 000 a 49 999 habitantes
23,estrato,2018,5,De 2 000 a 19 999 habitantes.,de 2 000 a 19 999 habitantes
23,estrato,2018,6,De 500 a 1 999 habitantes.,de 500 a 1 999 habitantes
23,estrato,2019,1,De 500 000 a más habitantes.,de 500 000 a más habitantes
23,estrato,2019,2,De 100 000 a 499 999 habitantes.,de 100 000 a 499 999 habitantes
23,estrato,2019,3,De 50 000 a 99 999 habitantes.,de 50 000 a 99 999 habitantes
23,estrato,2019,4,De 20 000 a 49 999 habitantes.,de 20 000 a 49 999 habitantes
23,estrato,2019,5,De 2 000 a 19 999 habitantes.,de 2 000 a 19 999 habitantes
23,estrato,2019,6,De 500 a 1 999 habitantes.,de 500 a 1 999 habitantes
24,estrato,2016,1,De 500 000 a más habitantes., de 500 000 a más habitantes
24,estrato,2016,2,De 100 000 a 499 999 habitantes., de 100 000 a 499 999 habitantes
24,estrato,2016,3,De 50 000 a 99 999 habitantes., de 50 000 a 99 999 habitantes
24,estrato,2016,4,De 20 000 a 49 999 habitantes., de 20 000 a 49 999 habitantes
24,estrato,2016,5,De 2 000 a 19 999 habitantes.,de 2 000 a 19 999 habitantes
24,estrato,2016,6,De 500 a 1 999 habitantes., de 500 a 1 999 habitantes
24,estrato,2017,2,De 100 000 a 499 999 habitantes., de 100 000 a 499 999 habitantes
24,estrato,2017,3,De 50 000 a 99 999 habitantes., de 50 000 a 99 999 habitantes
24,estrato,2017,4,De 20 000 a 49 999 habitantes., de 20 000 a 49 999 habitantes
24,estrato,2017,5,De 2 000 a 19 999 habitantes.,de 2 000 a 19 999 habitantes
24,estrato,2017,6,De 500 a 1 999 habitantes., de 500 a 1 999 habitantes
24,estrato,2018,2,De 100 000 a 499 999 habitantes., de 100 000 a 499 999 habitantes
24,estrato,2018,3,De 50 000 a 99 999 habitantes., de 50 000 a 99 999 habitantes
24,estrato,2018,4,De 20 000 a 49 999 habitantes., de 20 000 a 49 999 habitantes
24,estrato,2018,5,De 2 000 a 19 999 habitantes.,de 2 000 a 19 999 habitantes
24,estrato,2018,6,De 500 a 1 999 habitantes., de 500 a 1 999 habitantes
24,estrato,2019,1,De 500 000 a más habitantes., de 500 000 a más habitantes
24,estrato,2019,2,De 100 000 a 499 999 habitantes., de 100 000 a 499 999 habitantes
24,estrato,2019,3,De 50 000 a 99 999 habitantes., de 50 000 a 99 999 habitantes
24,estrato,2019,4,De 20 000 a 49 999 habitantes., de 20 000 a 49 999 habitantes
24,estrato,2019,5,De 2 000 a 19 999 habitantes.,de 2 000 a 19 999 habitantes
24,estrato,2019,6,De 500 a 1 999 habitantes., de 500 a 1 999 habitantes
25,estrato,2016,1,De 500 000 a más habitantes., de 500 000 a más habitantes
25,estrato,2016,2,De 100 000 a 499 999 habitantes., de 100 000 a 499 999 habitantes
25,estrato,2016,3,De 50 000 a 99 999 habitantes., de 50 000 a 99 999 habitantes
25,estrato,2016,4,De 20 000 a 49 999 habitantes., de 20 000 a 49 999 habitantes
25,estrato,2016,5,De 2 000 a 19 999 habitantes.,de 2 000 a 19 999 habitantes
25,estrato,2016,6,De 500 a 1 999 habitantes., de 500 a 1 999 habitantes
25,estrato,2017,1,De 500 000 a más habitantes., de 500 000 a más habitantes
25,estrato,2017,2,De 100 000 a 499 999 habitantes., de 100 000 a 499 999 habitantes
25,estrato,2017,3,De 50 000 a 99 999 habitantes., de 50 000 a 99 999 habitantes
25,estrato,2017,4,De 20 000 a 49 999 habitantes., de 20 000 a 49 999 habitantes
25,estrato,2017,5,De 2 000 a 19 999 habitantes.,de 2 000 a 19 999 habitantes
25,estrato,2017,6,De 500 a 1 999 habitantes., de 500 a 1 999 habitantes
25,estrato,2018,1,De 500 000 a más habitantes., de 500 000 a más habitantes
25,estrato,2018,2,De 100 000 a 499 999 habitantes., de 100 000 a 499 999 habitantes
25,estrato,2018,3,De 50 000 a 99 999 habitantes., de 50 000 a 99 999 habitantes
25,estrato,2018,4,De 20 000 a 49 999 habitantes., de 20 000 a 49 999 habitantes
25,estrato,2018,5,De 2 000 a 19 999 habitantes.,de 2 000 a 19 999 habitantes
25,estrato,2018,6,De 500 a 1 999 habitantes., de 500 a 1 999 habitantes
25,estrato,2019,1,De 500 000 a más habitantes., de 500 000 a más habitantes
25,estrato,2019,2,De 100 000 a 499 999 habitantes., de 100 000 a 499 999 habitantes
25,estrato,2019,3,De 50 000 a 99 999 habitantes., de 50 000 a 99 999 habitantes
25,estrato,2019,4,De 20 000 a 49 999 habitantes., de 20 000 a 49 999 habitantes
25,estrato,2019,5,De 2 000 a 19 999 habitantes.,de 2 000 a 19 999 habitantes
25,estrato,2019,6,De 500 a 1 999 habitantes., de 500 a 1 999 habitantes
26,estrato,2016,1,De 500 000 a más habitantes.,de 500 000 a más habitantes
26,estrato,2016,2,De 100 000 a 499 999 habitantes.,de 100 000 a 499 999 habitantes
26,estrato,2016,3,De 50 000 a 99 999 habitantes.,de 50 000 a 99 999 habitantes
26,estrato,2016,4,De 20 000 a 49 999 habitantes.,de 20 000 a 49 999 habitantes
26,estrato,2016,5,De 2 000 a 19 999 habitantes.,de 2 000 a 19 999 habitantes
26,estrato,2016,6,De 500 a 1 999 habitantes.,de 500 a 1 999 habitantes
26,estrato,2017,1,De 500 000 a más habitantes.,de 500 000 a más habitantes
26,estrato,2017,2,De 100 000 a 499 999 habitantes.,de 100 000 a 499 999 habitantes
26,estrato,2017,3,De 50 000 a 99 999 habitantes.,de 50 000 a 99 999 habitantes
26,estrato,2017,4,De 20 000 a 49 999 habitantes.,de 20 000 a 49 999 habitantes
26,estrato,2017,5,De 2 000 a 19 999 habitantes.,de 2 000 a 19 999 habitantes
26,estrato,2017,6,De 500 a 1 999 habitantes.,de 500 a 1 999 habitantes
26,estrato,2018,1,De 500 000 a más habitantes.,de 500 000 a más habitantes
26,estrato,2018,2,De 100 000 a 499 999 habitantes.,de 100 000 a 499 999 habitantes
26,estrato,2018,3,De 50 000 a 99 999 habitantes.,de 50 000 a 99 999 habitantes
26,estrato,2018,4,De 20 000 a 49 999 habitantes.,de 20 000 a 49 999 habitantes
26,estrato,2018,5,De 2 000 a 19 999 habitantes.,de 2 000 a 19 999 habitantes
26,estrato,2018,6,De 500 a 1 999 habitantes.,de 500 a 1 999 habitantes
26,estrato,2019,1,De 500 000 a más habitantes.,de 500 000 a más habitantes
26,estrato,2019,2,De 100 000 a 499 999 habitantes.,de 100 000 a 499 999 habitantes
26,estrato,2019,3,De 50 000 a 99 999 habitantes.,de 50 000 a 99 999 habitantes
26,estrato,2019,4,De 20 000 a 49 999 habitantes.,de 20 000 a 49 999 habitantes
26,estrato,2019,5,De 2 000 a 19 999 habitantes.,de 2 000 a 19 999 habitantes
26,estrato,2019,6,De 500 a 1 999 habitantes.,de 500 a 1 999 habitantes
27,estrato,2016,1,De 500 000 a más habitantes.,de 500 000 a más habitantes
27,estrato,2016,2,De 100 000 a 499 999 habitantes.,de 100 000 a 499 999 habitantes
27,estrato,2016,3,De 50 000 a 99 999 habitantes.,de 50 000 a 99 999 habitantes
27,estrato,2016,4,De 20 000 a 49 999 habitantes.,de 20 000 a 49 999 habitantes
27,estrato,2016,5,De 2 000 a 19 999 habitantes.,de 2 000 a 19 999 habitantes
27,estrato,2016,6,De 500 a 1 999 habitantes.,de 500 a 1 999 habitantes
27,estrato,2017,1,De 500 000 a más habitantes.,de 500 000 a más habitantes
27,estrato,2017,2,De 100 000 a 499 999 habitantes.,de 100 000 a 499 999 habitantes
27,estrato,2017,3,De 50 000 a 99 999 habitantes.,de 50 000 a 99 999 habitantes
27,estrato,2017,4,De 20 000 a 49 999 habitantes.,de 20 000 a 49 999 habitantes
27,estrato,2017,5,De 2 000 a 19 999 habitantes.,de 2 000 a 19 999 habitantes
27,estrato,2017,6,De 500 a 1 999 habitantes.,de 500 a 1 999 habitantes
27,estrato,2018,1,De 500 000 a más habitantes.,"de 500,000 a más habitantes"
27,estrato,2018,2,De 100 000 a 499 999 habitantes.,"de 100,000 a 499,999 habitantes"
27,estrato,2018,3,De 50 000 a 99 999 habitantes.,"de 50,000 a 99,999 habitantes"
27,estrato,2018,4,De 20 000 a 49 999 habitantes.,"de 20,000 a 49,999 habitantes"
27,estrato,2018,5,De 2 000 a 19 999 habitantes.,"de 2,000 a 19,999 habitantes"
27,estrato,2018,6,De 500 a 1 999 habitantes.,"de 500 a 1,999 habitantes"
27,estrato,2019,1,De 500 000 a más habitantes.,"de 500,000 a más habitantes"
27,estrato,2019,2,De 100 000 a 499 999 habitantes.,"de 100,000 a 499,999 habitantes"
27,estrato,2019,3,De 50 000 a 99 999 habitantes.,"de 50,000 a 99,999 habitantes"
27,estrato,2019,4,De 20 000 a 49 999 habitantes.,"de 20,000 a 49,999 habitantes"
27,estrato,2019,5,De 2 000 a 19 999 habitantes.,"de 2,000 a 19,999 habitantes"
27,estrato,2019,6,De 500 a 1 999 habitantes.,"de 500 a 1,999 habitantes"
27,estrato,2021,1,De 500 000 a más habitantes,"de 500,000 a más habitantes"
27,estrato,2021,2,De 100 000 a 499 999 habitantes,"de 100,000 a 499,999 habitantes"
27,estrato,2021,3,De 50 000 a 99 999 habitantes,"de 50,000 a 99,999 habitantes"
27,estrato,2021,4,De 20 000 a 49 999 habitantes,"de 20,000 a 49,999 habitantes"
27,estrato,2021,5,De 2 000 a 19 999 habitantes,"de 2,000 a 19,999 habitantes"
27,estrato,2021,6,De 500 a 1 999 habitantes,"de 500 a 1,999 habitantes"
27,estrato,2022,1,De 500 000 a más habitantes,"de 500,000 a más habitantes"
27,estrato,2022,2,De 100 000 a 499 999 habitantes,"de 100,000 a 499,999 habitantes"
27,estrato,2022,3,De 50 000 a 99 999 habitantes,"de 50,000 a 99,999 habitantes"
27,estrato,2022,4,De 20 000 a 49 999 habitantes,"de 20,000 a 49,999 habitantes"
27,estrato,2022,5,De 2 000 a 19 999 habitantes,"de 2,000 a 19,999 habitantes"
27,estrato,2022,6,De 500 a 1 999 habitantes,"de 500 a 1,999 habitantes"
28,estrato,2016,1,De 500 000 a más habitantes.,de 500 000 a más habitantes
28,estrato,2016,2,De 100 000 a 499 999 habitantes.,de 100 000 a 499 999 habitantes
28,estrato,2016,3,De 50 000 a 99 999 habitantes.,de 50 000 a 99 999 habitantes
28,estrato,2016,4,De 20 000 a 49 999 habitantes.,de 20 000 a 49 999 habitantes
28,estrato,2016,5,De 2 000 a 19 999 habitantes.,de 2 000 a 19 999 habitantes
28,estrato,2016,6,De 500 a 1 999 habitantes.,de 500 a 1 999 habitantes
28,estrato,2017,1,De 500 000 a más habitantes.,de 500 000 a más habitantes
28,estrato,2017,2,De 100 000 a 499 999 habitantes.,de 100 000 a 499 999 habitantes
28,estrato,2017,3,De 50 000 a 99 999 habitantes.,de 50 000 a 99 999 habitantes
28,estrato,2017,4,De 20 000 a 49 999 habitantes.,de 20 000 a 49 999 habitantes
28,estrato,2017,5,De 2 000 a 19 999 habitantes.,de 2 000 a 19 999 habitantes
28,estrato,2017,6,De 500 a 1 999 habitantes.,de 500 a 1 999 habitantes
28,estrato,2018,1,De 500 000 a más habitantes.,de 500 000 a más habitantes
28,estrato,2018,2,De 100 000 a 499 999 habitantes.,de 100 000 a 499 999 habitantes
28,estrato,2018,3,De 50 000 a 99 999 habitantes.,de 50 000 a 99 999 habitantes
28,estrato,2018,4,De 20 000 a 49 999 habitantes.,de 20 000 a 49 999 habitantes
28,estrato,2018,5,De 2 000 a 19 999 habitantes.,de 2 000 a 19 999 habitantes
28,estrato,2018,6,De 500 a 1 999 habitantes.,de 500 a 1 999 habitantes
28,estrato,2019,1,De 500 000 a más habitantes.,de 500 000 a más habitantes
28,estrato,2019,2,De 100 000 a 499 999 habitantes.,de 100 000 a 499 999 habitantes
28,estrato,2019,3,De 50 000 a 99 999 habitantes.,de 50 000 a 99 999 habitantes
28,estrato,2019,4,De 20 000 a 49 999 habitantes.,de 20 000 a 49 999 habitantes
28,estrato,2019,5,De 2 000 a 19 999 habitantes.,de 2 000 a 19 999 habitantes
28,estrato,2019,6,De 500 a 1 999 habitantes.,de 500 a 1 999 habitantes
77,e23c,2016,3,Trimetral,trimestral
77,e23c,2017,3,Trimetral,trimestral
77,e23c,2018,3,Trimetral,trimestral
77,e23c,2019,3,Trimetral,trimestral
77,estrato,2016,1,De 500 000 a más habitantes.,de 500 000 a más habitantes
77,estrato,2016,2,De 100 000 a 499 999 habitantes.,de 100 000 a 499 999 habitantes
77,estrato,2016,3,De 50 000 a 99 999 habitantes.,de 50 000 a 99 999 habitantes
77,estrato,2016,4,De 20 000 a 49 999 habitantes.,de 20 000 a 49 999 habitantes
77,estrato,2016,5,De 2 000 a 19 999 habitantes.,de 2 000 a 19 999 habitantes
77,estrato,2016,6,De 500 a 1 999 habitantes.,de 500 a 1 999 habitantes
77,estrato,2017,1,De 500 000 a más habitantes.,de 500 000 a más habitantes
77,estrato,2017,2,De 100 000 a 499 999 habitantes.,de 100 000 a 499 999 habitantes
77,estrato,2017,3,De 50 000 a 99 999 habitantes.,de 50 000 a 99 999 habitantes
77,estrato,2017,4,De 20 000 a 49 999 habitantes.,de 20 000 a 49 999 habitantes
77,estrato,2017,5,De 2 000 a 19 999 habitantes.,de 2 000 a 19 999 habitantes
77,estrato,2017,6,De 500 a 1 999 habitantes.,de 500 a 1 999 habitantes
77,estrato,2018,1,De 500 000 a más habitantes.,de 500 000 a más habitantes
77,estrato,2018,2,De 100 000 a 499 999 habitantes.,de 100 000 a 499 999 habitantes
77,estrato,2018,3,De 50 000 a 99 999 habitantes.,de 50 000 a 99 999 habitantes
77,estrato,2018,4,De 20 000 a 49 999 habitantes.,de 20 000 a 49 999 habitantes
77,estrato,2018,5,De 2 000 a 19 999 habitantes.,de 2 000 a 19 999 habitantes
77,estrato,2018,6,De 500 a 1 999 habitantes.,de 500 a 1 999 habitantes
77,estrato,2019,1,De 500 000 a más habitantes.,de 500 000 a más habitantes
77,estrato,2019,2,De 100 000 a 499 999 habitantes.,de 100 000 a 499 999 habitantes
77,estrato,2019,3,De 50 000 a 99 999 habitantes.,de 50 000 a 99 999 habitantes
77,estrato,2019,4,De 20 000 a 49 999 habitantes.,de 20 000 a 49 999 habitantes
77,estrato,2019,5,De 2 000 a 19 999 habitantes.,de 2 000 a 19 999 habitantes
77,estrato,2019,6,De 500 a 1 999 habitantes.,de 500 a 1 999 habitantes
78,estrato,2016,1,De 500 000 a más habitantes., de 500 000 a más habitantes
78,estrato,2016,2,De 100 000 a 499 999 habitantes., de 100 000 a 499 999 habitantes
78,estrato,2016,3,De 50 000 a 99 999 habitantes., de 50 000 a 99 999 habitantes
78,estrato,2016,4,De 20 000 a 49 999 habitantes., de 20 000 a 49 999 habitantes
78,estrato,2016,5,De 2 000 a 19 999 habitantes.,de 2 000 a 19 999 habitantes
78,estrato,2016,6,De 500 a 1 999 habitantes., de 500 a 1 999 habitantes
78,estrato,2017,1,De 500 000 a más habitantes., de 500 000 a más habitantes
78,estrato,2017,2,De 100 000 a 499 999 habitantes., de 100 000 a 499 999 habitantes
78,estrato,2017,3,De 50 000 a 99 999 habitantes., de 50 000 a 99 999 habitantes
78,estrato,2017,4,De 20 000 a 49 999 habitantes., de 20 000 a 49 999 habitantes
78,estrato,2017,5,De 2 000 a 19 999 habitantes.,de 2 000 a 19 999 habitantes
78,estrato,2017,6,De 500 a 1 999 habitantes., de 500 a 1 999 habitantes
78,estrato,2018,1,De 500 000 a más habitantes., de 500 000 a más habitantes
78,estrato,2018,2,De 100 000 a 499 999 habitantes., de 100 000 a 499 999 habitantes
78,estrato,2018,3,De 50 000 a 99 999 habitantes., de 50 000 a 99 999 habitantes
78,estrato,2018,4,De 20 000 a 49 999 habitantes., de 20 000 a 49 999 habitantes
78,estrato,2018,5,De 2 000 a 19 999 habitantes.,de 2 000 a 19 999 habitantes
78,estrato,2018,6,De 500 a 1 999 habitantes., de 500 a 1 999 habitantes
78,estrato,2019,1,De 500 000 a más habitantes., de 500 000 a más habitantes
78,estrato,2019,2,De 100 000 a 499 999 habitantes., de 100 000 a 499 999 habitantes
78,estrato,2019,3,De 50 000 a 99 999 habitantes., de 50 000 a 99 999 habitantes
78,estrato,2019,4,De 20 000 a 49 999 habitantes., de 20 000 a 49 999 habitantes
78,estrato,2019,5,De 2 000 a 19 999 habitantes.,de 2 000 a 19 999 habitantes
78,estrato,2019,6,De 500 a 1 999 habitantes., de 500 a 1 999 habitantes
78,p606e1,2016,0,No marcado,pase
78,p606e1,2017,0,No marcado,pase
78,p606e1,2018,0,No marcado,pase
78,p606e1,2019,0,No marcado,pase
78,p606e1,2021,0,No marcado,pase
78,p606e1,2022,0,No marcado,pase
78,p606e1,2023,0,No marcado,pase
78,p606e1,2024,0,No marcado,pase
78,p606e2,2016,0,No marcado,pase
78,p606e2,2017,0,No marcado,pase
78,p606e2,2018,0,No marcado,pase
78,p606e2,2019,0,No marcado,pase
78,p606e2,2021,0,No marcado,pase
78,p606e2,2022,0,No marcado,pase
78,p606e2,2023,0,No marcado,pase
78,p606e2,2024,0,No marcado,pase
78,p606e3,2016,0,No marcado,pase
78,p606e3,2017,0,No marcado,pase
78,p606e3,2018,0,No marcado,pase
78,p606e3,2019,0,No marcado,pase
78,p606e3,2021,0,No marcado,pase
78,p606e3,2022,0,No marcado,pase
78,p606e3,2023,0,No marcado,pase
78,p606e3,2024,0,No marcado,pase
78,p606e4,2016,0,No marcado,pase
78,p606e4,2017,0,No marcado,pase
78,p606e4,2018,0,No marcado,pase
78,p606e4,2019,0,No marcado,pase
78,p606e4,2021,0,No marcado,pase
78,p606e4,2022,0,No marcado,pase
78,p606e4,2023,0,No marcado,pase
78,p606e4,2024,0,No marcado,pase
78,p606e5,2016,0,No marcado,pase
78,p606e5,2017,0,No marcado,pase
78,p606e5,2018,0,No marcado,pase
78,p606e5,2019,0,No marcado,pase
78,p606e5,2021,0,No marcado,pase
78,p606e5,2022,0,No marcado,pase
78,p606e5,2023,0,No marcado,pase
78,p606e5,2024,0,No marcado,pase
78,p606e6,2016,0,No marcado,pase
78,p606e6,2017,0,No marcado,pase
78,p606e6,2018,0,No marcado,pase
78,p606e6,2019,0,No marcado,pase
78,p606e6,2021,0,No marcado,pase
78,p606e6,2022,0,No marcado,pase
78,p606e6,2023,0,No marcado,pase
78,p606e6,2024,0,No marcado,pase
78,p606e7,2016,0,No marcado,pase
78,p606e7,2017,0,No marcado,pase
78,p606e7,2018,0,No marcado,pase
78,p606e7,2019,0,No marcado,pase
78,p606e7,2021,0,No marcado,pase
78,p606e7,2022,0,No marcado,pase
78,p606e7,2023,0,No marcado,pase
78,p606e7,2024,0,No marcado,pase
78,p606e8,2016,0,No marcado,pase
78,p606e8,2017,0,No marcado,pase
78,p606e8,2018,0,No marcado,pase
78,p606e8,2019,0,No marcado,pase
78,p606e8,2021,0,No marcado,pase
78,p606e8,2022,0,No marcado,pase
78,p606e8,2023,0,No marcado,pase
78,p606e8,2024,0,No marcado,pase
78,p606ee,2016,2,Bodega (x menor),bodega ( x menor )
78,p606ee,2016,3,Bodega (x mayor),bodega ( x mayor )
78,p606ee,2016,4,Mercado (x menor),mercado ( x menor )
78,p606ee,2016,5,Mercado (x mayor),mercado ( x mayor )
78,p606ee,2017,2,Bodega (x menor),bodega (por menor )
78,p606ee,2017,3,Bodega (x mayor),bodega (por mayor )
78,p606ee,2017,4,Mercado (x menor),mercado (por menor )
78,p606ee,2017,5,Mercado (x mayor),mercado (por mayor )
78,p606ee,2018,2,Bodega (x menor),bodega (por menor )
78,p606ee,2018,3,Bodega (x mayor),bodega (por mayor )
78,p606ee,2018,4,Mercado (x menor),mercado (por menor )
78,p606ee,2018,5,Mercado (x mayor),mercado (por mayor )
78,p606ee,2019,2,Bodega (x menor),bodega (por menor )
78,p606ee,2019,3,Bodega (x mayor),bodega (por mayor )
78,p606ee,2019,4,Mercado (x menor),mercado (por menor )
78,p606ee,2019,5,Mercado (x mayor),mercado (por mayor )
78,p606ee,2022,2,Bodega (por menor ),bodega (por menor
78,p606ee,2022,3,Bodega (por mayor ),bodega (por mayor)
78,p606ee,2022,4,Mercado (por menor ),mercado (por menor)
78,p606ee,2022,5,Mercado (por mayor ),mercado (por mayor)
78,p606ee,2023,2,Bodega (por menor ),bodega (por menor
78,p606ee,2023,3,Bodega (por mayor ),bodega (por mayor)
78,p606ee,2023,4,Mercado (por menor ),mercado (por menor)
78,p606ee,2023,5,Mercado (por mayor ),mercado (por mayor)
78,p606n,2016,1,"Periódicos, revistas y libros",jabón de tocador
78,p606n,2016,2,"Esparcimiento y diversión (cine, cd, juguetes, espectáculos",champú y reacondicionador
78,p606n,2016,3,"Aportaciones o cuotas a clubes, asociaciones, etc.",pasta de dientes
78,p606n,2016,4,"Gastos en gimnasio ( aeróbicos, artes marciales, pesas )",desodorante
78,p606n,2016,5,Diskette,toallas higiénicas
78,p606n,2016,6,Artículos deportivos,colonia (para hombre y mujer)
78,p606n,2016,7,"Útiles de escritorio ( cuadernos, papeles, etc. )",lápiz labial
78,p606n,2016,8,Otros gastos,"artículos de tocador para bebes(jabón de tocador, champú, aceite, colonia, etc)"
78,p606n,2016,9,"Otros ( crema para manos, máquina de afeitar, polvos faciales, rimel,","otros (crema para manos, máquina de afeitar, polvos faciales, rimel, tinte para cabello, peine, esmalte para uñas, etc"
78,p606n,2016,11,"Otros servicios ( baños públicos, ondulación, lustrada de calzado, etc.)","otros servicios(baños públicos, ondulación, lustrado de calzado, etc.)"
78,p606n,2017,1,"Periódicos, revistas y libros",jabón de tocador
78,p606n,2017,2,"Esparcimiento y diversión (cine, cd, juguetes, espectáculos",champú y reacondicionador
78,p606n,2017,3,"Aportaciones o cuotas a clubes, asociaciones, etc.",pasta de dientes
78,p606n,2017,4,"Gastos en gimnasio ( aeróbicos, artes marciales, pesas )",desodorante
78,p606n,2017,5,"Diskette, usb",toallas higiénicas
78,p606n,2017,6,Artículos deportivos,colonia (para hombre y/o mujer)
78,p606n,2017,7,"Útiles de escritorio ( cuadernos, papeles, etc. )",lápiz labial
78,p606n,2017,8,Otros gastos,"artículos de tocador para bebes (jabón de tocador, champú, aceite, colonia, etc)"
78,p606n,2017,9,"Otros ( crema para manos, máquina de afeitar, polvos faciales, rimel,","otros (crema para manos, máquina de afeitar, polvos faciales, rimel, tinte para cabello, peine, esmalte para uñas, etc"
78,p606n,2017,11,"Otros servicios ( baños públicos, ondulación, lustrada de calzado, etc.)","otros servicios(baños públicos, ondulación, lustrada de calzado, etc.)"
78,p606n,2018,1,"Periódicos, revistas y libros",jabón de tocador
78,p606n,2018,2,"Esparcimiento y diversión (cine, cd, juguetes, espectáculos",champú y reacondicionador
78,p606n,2018,3,"Aportaciones o cuotas a clubes, asociaciones, etc.",pasta de dientes
78,p606n,2018,4,"Gastos en gimnasio ( aeróbicos, artes marciales, pesas )",desodorante
78,p606n,2018,5,"Diskette, usb",toallas higiénicas
78,p606n,2018,6,Artículos deportivos,colonia (para hombre y/o mujer)
78,p606n,2018,7,"Útiles de escritorio ( cuadernos, papeles, etc. )",lápiz labial
78,p606n,2018,8,Otros gastos,"artículos de tocador para bebes (jabón de tocador, champú, aceite, colonia, etc)"
78,p606n,2018,9,"Otros ( crema para manos, máquina de afeitar, polvos faciales, rimel,","otros (crema para manos, máquina de afeitar, polvos faciales, rimel, tinte para cabello, peine, esmalte para uñas, etc"
78,p606n,2018,11,"Otros servicios ( baños públicos, ondulación, lustrada de calzado, etc.)","otros servicios(baños públicos, ondulación, lustrada de calzado, etc.)"
78,p606n,2019,1,"Periódicos, revistas y libros",jabón de tocador
78,p606n,2019,2,"Esparcimiento y diversión (cine, cd, juguetes, espectáculos",champú y reacondicionador
78,p606n,2019,3,"Aportaciones o cuotas a clubes, asociaciones, etc.",pasta de dientes
78,p606n,2019,4,"Gastos en gimnasio ( aeróbicos, artes marciales, pesas )",desodorante
78,p606n,2019,5,Usb,toallas higiénicas
78,p606n,2019,6,Artículos deportivos,colonia (para hombre y/o mujer)
78,p606n,2019,7,"Útiles de escritorio ( cuadernos, papeles, etc. )",lápiz labial
78,p606n,2019,8,Otros gastos,"artículos de tocador para bebes (jabón de tocador, champú, aceite, colonia, etc)"
78,p606n,2019,9,"Otros ( crema para manos, máquina de afeitar, polvos faciales, rimel,","otros (crema para manos, máquina de afeitar, polvos faciales, rimel, tinte para cabello, peine, esmalte para uñas, etc"
78,p606n,2019,11,"Otros servicios ( baños públicos, ondulación, lustrada de calzado, etc.)","otros servicios(baños públicos, ondulación, lustrada de calzado, etc.)"
78,p606n,2021,1,"Períodicos, revistas y libros",jabón de tocador
78,p606n,2021,2,"Esparcimiento y diversión (ir al cine, comprar cd, juguete, espectáculo deportivo,etc)",champú y reacondicionador
78,p606n,2021,3,"Aportaciones o cuotas a clubes, asociaciones, etc.",pasta de dientes
78,p606n,2021,4,"Gastos en gimnasios(aeróbicos, artes marciales, pesas)",desodorante
78,p606n,2021,5,Usb,toallas higiénicas
78,p606n,2021,6,Artículos deportivos,colonia (para hombre y/o mujer)
78,p606n,2021,7,"Útiles de escritorio(cuadernos, papeles, etc.)",lápiz labial
78,p606n,2021,8,Otros gastos,"artículos de tocador para bebes (jabón de tocador, champú, aceite, colonia, etc)"
78,p606n,2021,9,Servicio streaming (tv pagada),"otros (crema para manos, máquina de afeitar, polvos faciales, rimel, tinte para cabello, peine, esmalte para uñas, etc"
78,p606n,2022,1,"Períodicos, revistas y libros",jabon de tocador
78,p606n,2022,2,"Esparcimiento y diversión (ir al cine, comprar cd, juguete, espectáculo deportivo,etc)",champu y reacondicionador
78,p606n,2022,3,"Aportaciones o cuotas a clubes, asociaciones, etc.",pasta de dientes
78,p606n,2022,4,"Gastos en gimnasios(aeróbicos, artes marciales, pesas)",desodorante
78,p606n,2022,5,Usb,toallas higienicas
78,p606n,2022,6,Artículos deportivos,colonia (para hombre y/o mujer)
78,p606n,2022,7,"Útiles de escritorio(cuadernos, papeles, etc.)",lapiz labial
78,p606n,2022,8,Otros gastos,"articulos de tocador para bebes (jabon, champu, aceite, etc)"
78,p606n,2022,9,Servicio streaming (tv pagada),"otros (crema, maquina de afeitar, tinte cabello, peine, etc"
78,p606n,2022,11,"Otros servicios(baños públicos, ondulación, lustrada de calzado, etc.)","otros servicios(baño publico, ondulacion, lustrada de calzado, etc.)"
78,p606n,2023,1,"Períodicos, revistas y libros",jabon de tocador
78,p606n,2023,2,"Esparcimiento y diversión (ir al cine, comprar cd, juguete, espectáculo deportivo,etc)",champu y reacondicionador
78,p606n,2023,3,"Aportaciones o cuotas a clubes, asociaciones, etc.",pasta de dientes
78,p606n,2023,4,"Gastos en gimnasios(aeróbicos, artes marciales, pesas)",desodorante
78,p606n,2023,5,Usb,toallas higienicas
78,p606n,2023,6,Artículos deportivos,colonia (para hombre y/o mujer)
78,p606n,2023,7,"Útiles de escritorio(cuadernos, papeles, etc.)",lapiz labial
78,p606n,2023,8,Otros gastos,articulos de tocador para bebes
78,p606n,2023,9,Servicio streaming (tv pagada),"otros (crema, maquina de afeitar, tinte cabello, peine, etc"
78,p606n,2023,11,"Otros servicios(baños públicos, ondulación, lustrada de calzado, etc.)","otros servicios(baño publico, ondulacion, lustrada de calzado, etc.)"
78,p606n,2024,11,Otros servicios,"otros servicios(baño publico, ondulacion, lustrada de calzado, etc.)"
78,ticuest01,2016,2,Cuestionario en tablet,cuestionario en pda
